ROWID	Topic	MUrl	Description	PageTitle	Result.OverallImageScore	Result.OverallRelevanceScore	Result.OverallLanguageScore	Result.OverallConsistencyScore	Result	Tokens	TimeTaken
141	Maui	https://i.pinimg.com/736x/ae/cb/45/aecb450a393f6aea725c5610b37ad87d.jpg	Maui is a fictional character from Disney's Moana, a demigod with a magical fish hook, voiced by Dwayne Johnson.	you are purchasing 2 funko mystery minis maui and eagle form maui figures voiced by dwayne the rock johns the rock dwayne johnson dwayne the rock rock johnson	4	3	2	1	1	593	00:00:07
88	Patricia Kaas	https://cdn-s-www.republicain-lorrain.fr/images/40914F83-16AA-4E03-839F-C2728082F935/NW_raw/avant-londres-new-york-paris-seoul-moscou-ou-berlin-patricia-kaas-fera-dimanche-a-15h-un-detour-par-la-foire-internationale-de-metz-a-l-invitation-de-notre-journal-photo-julien-faugere-1348907072.jpg	Patricia Kaas is a French singer and actress known for her success in francophone countries and beyond, with over 20 million records sold.	culture dimanche à la fim à l invitation du républicain lorrain pour édith piaf patricia kaas veut voir la vie en rose	3	4	3	1	1	705	00:00:08
116	Selena	https://cdn2.chicmagazine.com.mx/uploads/media/2021/05/04/selena-quintanilla-vestido-de-novia.jpg	"Selena Quintanilla Pérez, known as Selena, was a celebrated Mexican-American singer and fashion icon, dubbed the ""Queen of Tejano music"" and the ""Tejano Madonna""."	así fue la historia real de la boda secreta de selena y chris perez	3	4	4	1	1	617	00:00:07
269	Ateez	https://wallpaperaccess.com/full/3095917.jpg	ATEEZ is a boy group formed by KQ Entertainment, debuting on October 24, 2018, with eight members and songs 'Treasure' and 'Pirate King'.	ateez 4k wallpapers top free ateez 4k backgrounds wallpaperaccess	4	4	4	1	1	676	00:00:08
195	Falaises de Moher	https://images.nationaltours.fr/(Image)-image-Irlande-Falaise-de-Moher-1-2018.jpg	Les falaises de Moher sont des falaises spectaculaires en Irlande, s'élevant jusqu'à 214 m au-dessus de l'océan Atlantique.	circuit en irlande le grand tour de l ile d emeraude 12 jours nationaltours	4	4	4	1	1	763	00:00:08
107	Raza de perro	https://i.pinimg.com/originals/0f/44/54/0f44546f091abf819408d23799dab3b3.jpg	Una raza de perro es un grupo de perros con características similares en aspecto o comportamiento debido a la selección de antepasados con las mismas características.	pin on feliz nikkiniko05 chantelerickson lubicakralikova3 sharontobin39	4	2	4	0	0	622	00:00:07
54	NIFREL	https://www.mdn.co.jp/di/newstopics/43171/attach/images/ne0_201511/nifrel-a_151119003714.jpg	NIFREL is a museum in Osaka, Japan, combining an aquarium, zoo, and art elements to create an engaging experience for all ages.	生き て いる ミュージアム nifrel が 大阪 に オープン アート 要素 と とも に 生物 や 自然 を 楽しめる 施設 デザイン って オモシロイ mdn design interactive	3	4	3	0	0	670	00:00:08
33	Legolas	http://4.bp.blogspot.com/-kkeZkVQ8TcA/UR4vlUXGOWI/AAAAAAAADvc/5-yVV4Alanc/s1600/gimli.png	Legolas, an Elf prince from Tolkien's universe, portrayed by Orlando Bloom in The Lord of the Rings films.	czarna perła lutego 2013	4	0	3	0	0	636	00:00:07
93	キッチンカー	http://aoki-fumitaka.com/wp-content/uploads/2019/07/E476FED5-2D8C-4407-BE18-0CA6BD5376DA.jpeg	キッチンカーは、食品の調理設備を備えた移動販売車両です。	キッチン カー お洒落 homu interia	3	4	4	1	1	674	00:00:08
86	渡辺麻友	https://i.pinimg.com/originals/8f/d5/c6/8fd5c63ba0ab7671c5743f9ea846e0fc.jpg	渡辺麻友は元AKB48メンバーであり、元アイドル、女優、歌手です。	渡辺 麻友 最後 の 制服 図鑑 東山 東海 地区 個別 画像 浜松 学芸 高等 学校 津田 学園 高等 学校 他 渡辺 麻友 まゆ ゆ 図鑑	4	4	4	1	1	640	00:00:07
160	Cobra Kai	https://i.blogs.es/701aff/301020-cobrakai-review/840_560.jpeg	Cobra Kai is a Netflix TV series that continues the story of The Karate Kid franchise, set over thirty years later.	cobra kai the karate kid saga continues análisis review con precio tráiler y experiencia de juego para ps4 xbox one y nintendo switch	3	4	3	1	1	628	00:00:07
24	ドラゴンボール	https://www.4gamer.net/games/275/G027528/20180731162/SS/003.jpg	ドラゴンボールは、鳥山明による冒険、夢、バトル、友情を描いた日本の人気漫画・アニメ作品。	画像 集 ドラゴン ボール z ドッカン バトル に 人造 人間 21 号 が 登場	4	4	4	1	1	720	00:00:08
263	後藤真希	https://stat.ameba.jp/user_images/20161222/19/gotomaki-923/2a/f9/j/o0480064113827111070.jpg	後藤真希は日本のタレント、歌手、YouTuberで、元モーニング娘。のメンバー。	今日 の メイク 後藤 真希 オフィシャル ブログ maki goto official blog powered by ameba	3	4	4	1	1	769	00:00:09
58	Palais de Buckingham	https://i.pinimg.com/474x/07/40/d0/0740d0596638a7a4dd963ca6c2c0f683.jpg	Buckingham Palace is the official residence of British monarchs and a major tourist attraction in London.	148 meilleures images du tableau buckingham palace palais de buckingham angleterre et intérieur du palais	3	4	3	1	1	788	00:00:09
154	Team Fortress 2	https://i.pinimg.com/originals/ed/b5/8c/edb58c64fc85f40074dea777886b30ac.png	Team Fortress 2 is a multiplayer first-person shooter game developed by Valve Corporation, released in 2007.	pin on teamfortmess i guess	4	3	3	0	0	757	00:00:09
283	Traktor	https://img.fotocommunity.com/trecker-9914b81c-1d9e-4549-90f4-b6084d72f127.jpg?height=1080	Traktor je motorno vozilo za vuču i pogon poljoprivrednih oruđa.	trecker foto bild industrie und technik traktoren landwirtschaftliche technik bilder auf fotocommunity	4	4	4	1	1	662	00:00:07
244	Dora the Explorer	https://www.desktopbackground.org/download/540x960/2015/02/05/898207_dora-the-explorer-hd-wallpapers_1600x1200_h.jpg	Dora the Explorer is an American children's animated TV series created by Chris Gifford, Valerie Walsh Valdes, and Eric Weiner.	dora the explorer hd wallpapers desktop background	4	4	4	1	1	688	00:00:08
34	Despicable Me	https://i.pinimg.com/736x/b6/e5/d4/b6e5d458076390241d44eaf28883018f--agnes-despicable-me-the-minions.jpg	Despicable Me is a media franchise about a former supervillain, Gru, his adoptive daughters, and Minions.	195 best nice things images on pinterest agnes despicable me despicable me and wallpapers forwards forwards forwards forwards forwards forwards forwards forwards forwards forwards forwards forwards forwards forwards forwards forwards forwards forwards forwards forwards forwards forwards forwards forwards forwards forwards forwards forwards forwards forwards forwards forwards forwards forwards forwards forwards forwards forwards forwards forwards forwards forwards forwards forwards forwards forwards forwards forwards forwards forwards forwards forwards forwards forwards forwards forwards forwards forwards forwards forwards forwards forwards forwards forwards forwards forwards forwards forwards forwards forwards forwards forwards forwards forwards forwards forwards forwards forwards forwards forwards forwards forwards forwards forwards forwards forwards forwards forwards forwards forwards forwards forwards forwards forwards forwards forwards forwards forwards forwards forwards forwards forwards forwards forwards forwards forwards forwards forwards forwards forwards forwards forwards forwards forwards forwards forwards search facebook	4	2	1	0	0	762	00:00:09
316	Mount Etna	https://thumbs.dreamstime.com/b/mount-etna-sicily-italy-april-th-couple-tourists-standing-silvestri-craters-overlooking-very-top-etna-mount-etna-149464999.jpg	Mount Etna: An active stratovolcano in Sicily, Italy	mount etna sicily italy april 9th 2019 couple of tourists standing on the silvestri craters overlooking the very top of etna editorial stock image image of holiday mountains 149464999	4	4	3	1	1	625	00:00:08
163	Phare de Cana Island	https://i.pinimg.com/736x/4d/d7/43/4dd74331e2ea3d7c8a2cefeef2930ce4--atlantic-canada-quebec.jpg	Le phare de Cana Island, situé sur l'île de Cana dans le lac Michigan, est un site historique inscrit au Registre national des lieux historiques.	phare de pointe carleton île d anticosti 7ème plus beau phare du québec vuurtorens foto s	3	1	3	0	0	722	00:00:08
300	Club América	http://4.bp.blogspot.com/-l7aeMLg11o8/Tj25JkfHdxI/AAAAAAAADes/lgVRTcphCNk/s1600/AME+2.jpg	Club América is a professional football team in Mexico's Primera División, founded in 1916.	fondos de pantalla del club america gratis imagui	3	4	4	1	1	739	00:00:09
3	Смурфики	http://www.knigograd.com.ua/images/detailed/Smurfs_Smurfette.jpg	Смурфики - вымышленные существа, созданные бельгийским художником Пьером Кюллифором, популярные благодаря комиксам, анимационному сериалу и видеоиграм.	смурфик смурфити в очках smurfs bean bag plush smurfette купить заказать киев украина	4	3	3	0	0	654	00:00:07
80	Трансформеры	http://fc06.deviantart.net/fs70/i/2013/038/e/b/transformers_armada_by_mewtwo_love-d5u4jdy.jpg	Трансформеры - франшиза о войне между разумными машинами, созданная Hasbro и Takara Tomy.	игра трансформеры армада vmtehnix	3	4	3	1	1	707	00:00:08
237	NiziU	https://cdn-ak.f.st-hatena.com/images/fotolife/f/fanlogy_oricon1/20200630/20200630114810.jpg	NiziU is a Japanese 9-member girl group formed through the Nizi Project, a joint global audition by Sony Music Japan and JYP Entertainment Korea.	niziu の メンバー 大 紹介 street dance magazine	3	4	3	0	0	760	00:00:08
311	Monte Everest	https://okdiario.com/img/2018/02/06/que-ver-himalaya-rutas.jpg	Monte Everest é a montanha mais alta da Terra, com 8.848,86 metros de altitude, localizada na subcordilheira Mahalangur Himal dos Himalaias.	qué ver en himalaya lugares rutas planes y dónde comer	3	3	3	0	0	791	00:00:10
36	景福宮	http://stat.ameba.jp/user_images/20150416/20/onedayhanbok/12/65/j/o0800106713278049475.jpg	景福宮は、朝鮮王朝の王宮であり、現在の韓国ソウル特別市に位置する歴史的な観光名所です。	韓服 チマ チョゴリ で ソウル 散歩 景福 宮 で 撮っ た きれい な 写真 です 韓国 旅行 強力 に お すすめ チマ チョゴリ 体験 oneday 韓服 レンタル ソウル	3	4	3	1	1	745	00:00:09
284	Toradora!	https://i.pinimg.com/736x/88/9d/6d/889d6d76b78430114c23e3a1b47eb8fb--taiga-aisaka-otaku-anime.jpg	Toradora! is a Japanese light novel series by Yuyuko Takemiya, with illustrations by Yasu, including 10 novels and a manga adaptation.	36 best toradora anime manga images on pinterest manga anime anime girls and anime art forward forward forward forward forward forward forward forward forward forward forward forward forward forward forward forward forward forward forward forward forward forward forward forward forward forward forward forward forward forward forward forward forward forward forward forward forward forward forward forward forward forward forward forward forward forward forward forward forward forward forward forward forward forward forward forward forward forward forward forward forward forward forward forward forward forward forward forward forward forward forward forward forward forward forward forward forward forward forward forward forward forward forward forward forward forward forward forward forward forward forward forward forward forward forward forward forward forward forward forward forward forward forward forward forward forward forward forward forward forward forward forward forward forward forward forward forward forward forward	4	2	1	0	0	595	00:00:07
260	Chicago Blackhawks	https://i.pinimg.com/originals/74/74/bf/7474bffb044a0f31b49f01c92df090e9.jpg	Chicago Blackhawks: US ice hockey team in the NHL, founded in 1926, with team colors red, black, and white.	lord stanley s cup in front of all of chicago chicago blackhawks blackhawks chicago blackhawks hockey	4	4	3	1	1	657	00:00:07
246	Mère Noël	http://media.istockphoto.com/photos/pictures-of-real-santa-and-mrs-claus-picture-id182377954?k=6&m=182377954&s=612x612&w=0&h=gUnsFULmUd3ch6aj-4Zt8en-p72byTXGYZAYzmv64e0=	Mère Noël, also known as Mrs Claus, is a major fictional character with her own story, separate from Santa Claus.	mère noël photos et images libres de droits istock	4	4	4	1	1	751	00:00:08
129	アドベンチャーワールド	https://prtimes.jp/i/41641/3/origin/d41641-3-892719-0.jpg	アドベンチャーワールドは、和歌山県にある動物園、水族館、遊園地が一体となったテーマパークです。	イルカ ショー 水中 ショー が リニューアル 会場 全体 で 盛り上げる イルカ ショー や 見上げる 水中 ショー を 実施 株式会社 サンシャイン エンタプライズ の プレス リリース	4	4	3	1	1	690	00:00:08
26	Lyodra Ginting	https://cdn.idntimes.com/content-images/community/2020/10/87553379-850317308817884-8423838853106240826-n-d81a32d6c6147265b27ff7434fc1a7ad.jpg	Lyodra Ginting is an Indonesian singer and actress, known for winning Indonesian Idol and Sanremo Junior 2017.	dulu saingan di idol ini 9 kedekatan lyodra ginting dan tiara andini	3	4	3	1	1	796	00:00:09
267	Kremlin de Moscou	https://live.staticflickr.com/2550/4100524464_a257419e07_b.jpg	Le Kremlin de Moscou est un complexe architectural historique situé au centre de Moscou, en Russie.	porte de la résurrection place rouge moscou porte de la flickr new icn message flickr free ic 3d pan white	3	2	3	0	0	721	00:00:09
190	Guédelon	https://cdn.futura-sciences.com/buildsv6/images/wide1920/1/2/b/12b9036b2d_50143280_2579.jpg	Guédelon is a project to build a castle in Treigny, France, using 13th-century techniques.	vidéo la construction du château fort de guédelon vue du ciel	4	4	4	1	1	634	00:00:07
215	Halo	https://i.pinimg.com/originals/ca/39/ef/ca39efb3c05733ec063ce9e9d63c2357.jpg	Halo är en amerikansk action- och äventyrsserie baserad på spelserien med samma namn.	blue team # nintendoswitch halo armor halo game halo	4	2	4	1	1	656	00:00:07
48	ウルヴァリン	https://s2.best-wallpaper.net/wallpaper/1440x900/1808/X-Men-Wolverine-Hugh-Jackman-art-picture_1440x900.jpg	ウルヴァリンは、マーベル・コミックのスーパーヒーローで、X-メンやニューアベンジャーズの一員。	壁紙 x メン ウル ヴァリ ン ヒュー ジャックマン アート ピクチャー 7680x4320 uhd 8k 無料 の デスクトップ の 背景 画像	4	4	3	1	1	575	00:00:07
193	Minnesota Vikings	https://www.si.com/.image/t_share/MTY4MTkxMjY4NTQ3NjY3ODQx/minnesota-vikings-fansjpg.jpg	The Minnesota Vikings are a professional American football team based in Minneapolis, competing in the NFL's NFC North division.	the nfl s drunkest fans sports illustrated search	3	2	2	0	0	744	00:00:08
130	Красная площадь	https://topgid.net/uploads/posts/2021-02/1612892622_spasskaja-bashnja-moskovskogo-kremlja1.jpg	Красная площадь - главная площадь Москвы и России, расположенная между Кремлём и Китай-городом.	спасская башня московского кремля в москве краткое описание фото и отзывы	4	4	3	1	1	656	00:00:07
199	St. Louis Cardinals	https://i.pinimg.com/474x/07/00/43/070043e05ebfc38b4e6f2f5cef61efde.jpg	The St. Louis Cardinals are a successful American professional baseball team based in St. Louis, competing in Major League Baseball.	pin by lisa tindall on number 1 st louis cardinal fan sports art art color pencil drawing	3	3	3	1	1	642	00:00:07
247	Far de Formentor	https://img.fotocommunity.com/leuchtturm-am-cap-formentor-in-der-abendsonne-83023483-85ad-4273-9b44-c68804168872.jpg?height=1000	Far de Formentor is a lighthouse on Cap de Formentor, the northeastern point of Mallorca, and a popular tourist attraction.	leuchtturm am cap formentor in der abendsonne foto bild europe balearic islands spain bilder auf fotocommunity	4	4	3	0	0	705	00:00:08
57	Mario Party	http://www.mariowiki.com/images/1/1a/Peach'sBirthdayCake.png	Mario Party es una serie de videojuegos de tablero con personajes del universo de Mario, desarrollada por Hudson Soft y Nd Cube, y publicada por Nintendo.	the best retro boards for mario party 9 mario party legacy	4	3	3	0	0	763	00:00:08
265	Tuz Gölü	https://icdn.ensonhaber.com/resimler/diger/11ce42306fcf0539ff80c27eb1885ffb.jpg	Tuz Gölü is a salt lake located in Turkey's Central Anatolia Region, intersecting the borders of Ankara, Konya, and Aksaray provinces.	tuz gölü nde gün batımı	4	4	4	1	1	661	00:00:07
97	시기리야	http://postfiles9.naver.net/20160302_8/gida1_1456879805226awx1A_JPEG/2016_0227_19554300.jpg?type=w2	시기리야는 5세기 카사파 왕조 때의 수도로, 고고학적으로 가치 있는 유적지이며, 스리랑카의 대표적인 예술작품인 시기리야 벽화로 유명하다.	태국의 세계 문화 유산을 만나다 네이버 블로그	3	3	4	0	0	724	00:00:08
211	Peschiera del Garda	https://www.diewanderer.it/wp-content/uploads/2020/07/20200726143015_8003202.jpg	Peschiera del Garda – a town and municipality in Italy, located in the Veneto region, Verona province.	garda by bike zu fuß wandern südtirol bis gardasee wandertipps mit fotos gps daten	4	3	3	0	0	714	00:00:08
168	Торрес-дель-Пайне	https://i.travel.ru/images2/2015/03/object243204/051_s-1456.jpg	Торрес-дель-Пайне — национальный парк в Чили с тремя гранитными горами высотой от 2600 до 2850 м.	патагония чили национальный парк торрес дель пайне отзывы о чили travel ru	4	4	3	1	1	612	00:00:07
114	Castle Tioram	https://i.pinimg.com/originals/fb/94/9a/fb949a2ce359c35feaacb1bfccbcf36c.jpg	Castle Tioram is a ruined castle on the tidal island of Eilean Tioram in Loch Moidart, Highland, Scotland.	scrabo tower newtownards northern ireland beautiful castles northern ireland newtownards	3	2	4	0	0	701	00:00:08
108	Ellora Caves	https://live.staticflickr.com/7336/16417509806_3175f14741_b.jpg	Ellora Caves: UNESCO World Heritage Site in India with Hindu, Buddhist, and Jain rock-cut temples and artwork.	india ellora caves christopher porter flickr new icn message flickr free ic 3d pan white	3	2	2	0	0	805	00:00:09
20	Final Fantasy VII	https://images.alphacoders.com/973/thumb-1920-973800.jpg	Final Fantasy VII is a 1997 role-playing video game developed by Square for the PlayStation, following Cloud Strife and his allies in their quest to stop a world-controlling megacorporation and the superhuman Sephiroth.	final fantasy vii hd wallpaper background image 1920x1200 id 973800 wallpaper abyss	4	4	4	1	1	730	00:00:08
231	Кинкаку-дзи	https://i.pinimg.com/originals/52/79/11/5279116a6e592fc3627ac790413317ae.jpg	Кинкаку-дзи — храм в Киото, Япония, построенный в 1397 году как вилла для отдыха сёгуна Асикага Ёсимицу.	кинкаку дзи золотой павильон national geographic россия красота мира в каждом кадре в 2020 г павильон киото путешествия	4	4	4	1	1	720	00:00:08
63	王家の谷	https://i.pinimg.com/originals/d9/40/03/d940033626e0465c1bbce94348a7b30b.jpg	王家の谷は、エジプトのテーベにある古代エジプトの王たちの墓が集中する岩窟墓群。	古代 都市 テーベ と その 墓地 遺跡 の 絶景 写真 画像 エジプト の 世界 遺産 エジプト 絶景 画像 ルクソール	3	4	4	1	1	640	00:00:07
308	Chimera	https://i.pinimg.com/originals/fe/a3/c3/fea3c330780e39e372c5414b83671321.jpg	The Chimera is a fire-breathing hybrid creature from Greek mythology, depicted as a lion with a goat's head and a snake's tail.	couatl from the d d fifth edition monster manual art by conceptopolis fantasy beasts fantasy creatures mythological creatures	4	2	2	0	0	682	00:00:07
251	Blue Archive	https://ami.animecharactersdatabase.com/uploads/chars/41903-1730474448.png	Blue Archive is a Korean role-playing game developed by Nexon Games, featuring gacha mechanics and an anime adaptation.	koharu from blue archive	4	4	3	1	1	635	00:00:07
224	Keerthy Suresh	https://allwikibiography.in/wp-content/uploads/2021/02/Keerthy-with-her-mother.jpeg	Keerthy Suresh is an award-winning Indian actress known for her work in Tamil, Telugu, and Malayalam films.	keerthy suresh age height sister photos movies wiki biography more	3	4	3	1	1	626	00:00:08
85	Big Bear Lake	https://i.pinimg.com/originals/87/10/2c/87102c0c0e03f6994932de5593551ce4.jpg	Big Bear Lake is a reservoir in the San Bernardino Mountains, California, fed by snow and rain.	bloomington lake near bear lake idaho idaho travel idaho adventure utah adventures	3	2	3	0	0	665	00:00:08
206	Magneto	https://i.pinimg.com/originals/46/88/99/46889971e62f63bf353a77563c189d9d.jpg	Magneto é um supervilão mutante do Universo Marvel, inimigo dos X-Men, com poderes de manipulação de campos magnéticos e controle de metais.	orígenes magneto y sus versiones diferentes y alternativas arte súper héroe versiones cómic	4	3	3	1	1	579	00:00:07
236	Der Herr der Ringe	https://static.posters.cz/image/1300/poster/der-herr-der-ringe-die-rueckkehr-des-koenigs-i104633.jpg	Der Herr der Ringe ist eine berühmte Fantasy-Romantrilogie von J. R. R. Tolkien.	der herr der ringe die rückkehr des königs poster plakat kaufen bei europosters	4	4	4	1	1	619	00:00:07
131	Lalaloopsy	https://i.pinimg.com/originals/a8/85/83/a88583692ed1dfdb3608cc88440344df.jpg	Lalaloopsy es una línea de muñecas de plástico producidas por MGA Entertainment en 2010.	in beautiful and bright colors this gorgeous lalaloopsy dress will certainly be the favorite among girls has a gorgoues appliq kids dress tutu dress dresses	4	3	2	0	0	685	00:00:08
312	Тадж-Махал	https://india.prospekt-desires.ru/wp-content/uploads/2018/04/IMGP7216-0-hdr_filt.jpg	Тадж-Махал — мавзолей-мечеть в Агре, Индия, построенный Шах Джаханом I в память о жене Мумтаз-Махал.	увидеть тадж махал экскурсия из гоа 4 дня бюро индийских приключений	3	4	3	1	1	789	00:00:09
232	Cappadocië	https://www.wearetravellers.nl/wp-content/uploads/ballonvaart-cappadocie_turkije-14-768x960.jpg	Cappadocië is een UNESCO-werelderfgoedgebied in Centraal- en Oost-Anatolië, Turkije, bekend om het Nationaal park Göreme.	door deze 18 magische foto s wil jij een ballonvaart over cappadocië maken wearetravellers	4	4	3	1	1	610	00:00:07
238	Manila Zoo	https://i.pinimg.com/736x/53/d3/4a/53d34a5ef838e4f71a690383ecfb2779--milwaukee-zoo-trip.jpg	Manila Zoo, a 5.5-hectare zoological and botanical garden in Malate, Manila, Philippines, recently renovated and reopened in November 2022.	milwaukee zoo milwaukee zoo zoo milwaukee	3	1	3	0	0	651	00:00:07
60	桐山照史	https://i.pinimg.com/474x/d9/1d/81/d91d81f08de6a51db68d8376b8557785.jpg	桐山照史は、日本のアイドル、タレント、俳優で、WEST.のメンバー。	30 件 桐山 照史 おすすめ の 画像 2020 桐山 照史 桐山 ジャニーズ west	3	4	4	1	1	720	00:00:08
101	シーギリヤ	https://stat.ameba.jp/user_images/20200309/23/amiamiami1974/de/c2/j/o1918255714725688305.jpg	シーギリヤはスリランカの中部にある5世紀の遺跡で、王宮跡や庭園などが含まれる。	スリランカ モルディブ 旅行 記 2 日 目 シー ギ リヤ ロック 登頂 ② ٩ ω و amiami の 卵巣 がん で も 楽しん で いこう 海外 旅行 記 と 美味しい もの ♡	3	4	3	1	1	763	00:00:08
155	Gold Reef City	https://www.getaway.co.za/wp-content/uploads/2019/12/rsz_1rsz_gold_reef_city_casino_and_theme_park_1.jpg	Gold Reef City is an amusement park in Johannesburg, themed around the gold rush era.	win a gold reef city casino theme park experience	3	4	3	1	1	731	00:00:08
40	海物語	https://contents-pachi7.s3-ap-northeast-1.amazonaws.com/imgs/s/machinedetail/5e43ba6b-1af8-4ac3-bea9-3d83ac1f02cb.jpg	『海物語』は、1999年に三洋物産から発売されたデジパチタイプのパチンコゲームです。	pa スーパー 海 物語 in 地 中海 パチンコ ボーダー 演出 信頼 度 保留 予告 スペック 動画 導入 日	3	4	3	1	1	637	00:00:07
59	Cinquième Avenue	http://www.lescarnetsdemi.com/wp-content/uploads/2018/11/IMG_1555-2.jpg	La Cinquième Avenue est une célèbre artère de Manhattan, New York, longeant Central Park et Midtown.	une semaine à new york 5 central park les carnets d emi	3	4	3	1	1	796	00:00:09
70	えなこ	https://i.pinimg.com/474x/5a/a7/76/5aa776d36a0fda820d4a96c04c1d3343.jpg	えなこは、日本のグラビアアイドル、コスプレイヤー、タレント、歌手、女優、声優、YouTuber、Twitchストリーマーである。	えな こ 藤田 誠	3	4	4	0	0	667	00:00:07
38	وجهة البحر الأحمر	https://media.safarway.com/content/13c5a233-7cfd-4c23-a89f-d5c0398007de_sm.jpg	Red Sea Project: A Saudi Arabian tourism initiative featuring over 90 natural islands and 50 dormant volcanoes, launched in October 2023.	محميه راس الجنز للسلاحف	3	2	4	0	0	663	00:00:07
152	Montreal Canadiens	https://s3951.pcdn.co/wp-content/uploads/2015/09/Phillip-Danault-575x408.jpg	Montreal Canadiens is a professional ice hockey team based in Montreal, Quebec, part of the NHL's Eastern Conference Atlantic Division.	canadiens history how montreal s nhl team came to be	3	3	3	1	1	687	00:00:08
279	あわしまマリンパーク	https://otaru-aq.jp/wordpress/wp-content/uploads/2016/12/23.jpg	あわしまマリンパークは静岡県沼津市にある水族館で、連絡船でアクセス可能。	ファミリー 賞 おたる 水族館	3	2	4	0	0	800	00:00:09
291	コードギアス	https://tsundora.com/image/2016/09/code_geass_602.jpg	『コードギアス』は、サンライズ制作の日本のアニメーション作品シリーズで、ロボット、学園、神秘、超能力などのジャンルを併せ持つ。	コード ギアス 枢 木 ス ザク アーサー 壁紙 tsundora com	4	4	4	1	1	685	00:00:08
14	ヴァイオレット・エヴァーガーデン	https://tsundora.com/image/2018/06/violet_evergarden_193.jpg	『ヴァイオレット・エヴァーガーデン』は、戦争で両腕を失った少女が代筆屋として成長する物語。	ヴァイオレット エヴァー ガーデン ヴァイオレット エヴァー ガーデン 壁紙 tsundora com	4	4	4	1	1	775	00:00:08
47	Maya Septha	https://cdn.popbela.com/content-images/post/20180311/23416509-1345608448900537-4614439612155166720-n-b6d7ea909541b7d257caeff6d4534264.jpg	Maya Septha Setiono is an Indonesian actress and comedian.	7 rahasia kehidupan rumah tangga yang sehat ala maya septha	4	4	4	1	1	688	00:00:08
249	Meiji Shrine	https://www.kanpai-japan.com/sites/default/files/uploads/2012/09/meiji-jingu-4.jpg	Meiji Shrine is a Shinto shrine in Tokyo dedicated to Emperor Meiji and Empress Shōken.	meiji jingu the great shrine in the heart of yoyogi	4	4	3	0	0	706	00:00:08
164	최예나	https://file.mk.co.kr/meet/neds/2021/07/image_readtop_2021_736356_16276069224734576.jpg	최예나는 대한민국의 가수로, 아이즈원 출신이며 현재 솔로 활동 중이다.	최예나 꿈꾸라 스페셜 dj 데뷔 첫 라디오 진행 스타 투데이	3	4	4	1	1	737	00:00:08
84	Ichigo Kurosaki	https://cdn.imgbin.com/18/5/13/imgbin-ichigo-kurosaki-rukia-kuchiki-byakuya-kuchiki-renji-abarai-bleach-the-blade-of-fate-ichigo-kurosaki-aZeW9QUcR4KVwFHQDexH6B43r.jpg	Ichigo Kurosaki is the main protagonist of the Bleach manga series, who gains Soul Reaper powers to protect people from evil spirits.	ichigo kurosaki rukia kuchiki byakuya kuchiki renji abarai bleach the blade of fate png clipart anime art artwork black hair bleach blade battlers free png download	4	3	3	0	0	702	00:00:08
55	FC Bayern München	https://i.pinimg.com/originals/23/36/8b/23368b8657231cff6a4a2431a516fd7c.jpg	FC Bayern München is a German multi-sport club based in Munich, Bavaria, founded in 1900.	pin em bayern münchen	4	4	4	1	1	794	00:00:09
234	Shaka Ponk	http://magazine-karma.fr/wordpress/wp-content/uploads/2014/11/Shaka-Ponk-Photo-Yvan-CAUVEZ-22.jpg	Shaka Ponk is a French alternative and electronic rock band formed in 2002 and dissolved in 2024, known for blending various music genres and singing in multiple languages.	shaka ponk galaxie amnéville 08 novembre 2014 magazine karma	3	4	3	1	1	777	00:00:09
169	리그 오브 레전드	https://s2.best-wallpaper.net/wallpaper/2560x1920/1902/League-of-Legends-LoL-girl-magic_2560x1920.jpg	리그 오브 레전드는 텐센트의 라이엇 게임즈에서 운영하는 멀티플레이어 온라인 배틀 아레나 비디오 게임입니다.	배경 화면 리그 오브 레전드 lol 소녀 마법 3840x2160 uhd 4k 그림 이미지	4	4	4	1	1	672	00:00:08
94	Carolina Panthers	https://cdn.wallpapersafari.com/30/11/9GWvf7.jpg	Die Carolina Panthers sind ein American-Football-Team aus Charlotte, North Carolina, das in der NFC South der NFL spielt.	free download iphone wallpaper hd tom brady super bowl 2020 nfl football 1080x1920 for your desktop mobile tablet explore 49 super bowl 2020 wallpapers super bowl 2020 wallpapers 2016 super bowl wallpaper super bowl 50 wallpapers	4	1	3	0	0	643	00:00:07
5	Panamá Viejo	https://www.requisitosparavisa.com/wp-content/uploads/2016/01/El-Casco-Viejo-de-Panama.jpg	Panamá Viejo is an archaeological site of the original Panama City founded in 1519, featuring ruins from its destruction in 1671.	panamá y sus lugares imperdibles requisitos para visa	4	4	3	1	1	718	00:00:08
288	ポートランド日本庭園	https://live.staticflickr.com/2540/4059382281_2a23d68993_b.jpg	ポートランド日本庭園は、オレゴン州ポートランド市にある美しい日本庭園です。	japanese traditional style garden 日本 庭園 にほん て いえ ん honma mu flickr new icn message flickr free ic 3d pan white	3	3	3	0	0	767	00:00:09
293	Rat Pack	https://i.redd.it/1ge7z9brtu151.jpg	The Rat Pack was a group of famous singers and actors who performed together in the 1950s and 1960s.	collection the rat pack plexposters	3	4	4	1	1	762	00:00:08
77	Sophia Thomalla	https://image.jimcdn.com/app/cms/image/transf/dimension=820x10000:format=jpg/path/s50cf5df0664c3b1d/image/i9573746217067f58/version/1432292078/sophia-thomalla.jpg	Sophia Thomalla is a German actress, presenter, and model.	sophia thomalla fotowunder portrait	4	4	4	1	1	741	00:00:08
240	Dark Souls	https://s-media-cache-ak0.pinimg.com/originals/1c/da/ff/1cdaffc28ea36671f9f647d3b7245547.jpg	Dark Souls là một trò chơi video nhập vai hành động nổi tiếng của FromSoftware, phát hành lần đầu vào năm 2011.	dark souls ii character art concept artwork armors pinterest armaduras caballeros y medieval hacia delante hacia delante hacia delante hacia delante hacia delante hacia delante hacia delante hacia delante hacia delante hacia delante hacia delante hacia delante hacia delante hacia delante hacia delante hacia delante hacia delante hacia delante hacia delante hacia delante hacia delante hacia delante hacia delante hacia delante hacia delante hacia delante hacia delante hacia delante hacia delante hacia delante hacia delante hacia delante hacia delante hacia delante hacia delante hacia delante hacia delante hacia delante hacia delante hacia delante hacia delante hacia delante hacia delante hacia delante hacia delante hacia delante hacia delante hacia delante hacia delante hacia delante hacia delante hacia delante hacia delante hacia delante hacia delante hacia delante hacia delante hacia delante hacia delante hacia delante hacia delante hacia delante hacia delante hacia delante hacia delante hacia delante hacia delante hacia delante hacia delante hacia delante hacia delante hacia delante hacia delante hacia delante hacia delante hacia delante hacia delante hacia delante hacia delante hacia delante hacia delante hacia delante hacia delante hacia delante hacia delante hacia delante hacia delante hacia delante hacia delante hacia delante hacia delante hacia delante hacia delante hacia delante hacia delante hacia delante hacia delante hacia delante hacia delante hacia delante hacia delante hacia delante	4	3	3	1	1	698	00:00:08
15	Eiffeltornet	http://3.bp.blogspot.com/-vx4w3zFNnIM/U1OTArM7hQI/AAAAAAAAKzE/eF0Oa-xwToI/s1600/IMG_7867.jpg	Eiffeltornet är ett 330 meter högt järntorn i Paris, känt som en av världens mest kända byggnader.	hemma hos mia oktober 2013	3	2	3	0	0	700	00:00:08
228	ストライク・ザ・ブラッド	https://img.hmv.co.jp/image/jacket/800/0000102/9/4/955.jpg	『ストライク・ザ・ブラッド』は、三雲岳斗による日本のライトノベルで、アニメ化やコミカライズもされている人気シリーズ。	ストライク ザ ブラッド iv ova 5 初回 仕様 版 ストライク ザ ブラッド hmv books online 1000753395	4	4	4	1	1	624	00:00:07
125	涼宮ハルヒシリーズ	http://gorogorositeimasu.cocolog-nifty.com/blog/WindowsLiveWriter/33rainbow2nd30346[1].jpg	涼宮ハルヒシリーズは、谷川流による日本のライトノベルシリーズで、エキセントリックな女子高校生・涼宮ハルヒが設立した学校非公式クラブSOS団のメンバーを中心に展開する学園ストーリー。	長門 有希 の 壁紙 ごろごろ し て ます	3	4	4	1	1	779	00:00:09
50	Агра-форт	https://i.pinimg.com/originals/5a/bd/4b/5abd4bb89d8b3a9bcaac08887387dcfa.jpg	Агра-форт - крепость в индийском городе Агра, резиденция правителей империи Великих Моголов, объект всемирного наследия ЮНЕСКО.	махабат макбара готическая архитектура храм культовое сооружение	3	2	4	0	0	643	00:00:08
42	Las Vegas Strip	https://wallpaperaccess.com/full/1900426.jpg	The Las Vegas Strip is a 4.2-mile stretch of Las Vegas Boulevard known for its resort hotels and casinos.	las vegas 4k wallpapers top free las vegas 4k backgrounds wallpaperaccess	4	4	4	1	1	629	00:00:07
210	Voiture de sport	https://get.wallhere.com/photo/car-vehicle-yellow-Switzerland-sports-car-Pagani-performance-car-Geneva-Rare-2014-wheel-de-motor-show-salon-supercar-sportscars-hypercars-sportcars-geneve-land-vehicle-automotive-design-race-car-concept-car-luxury-vehicle-motor-vehicle-auto-show-supercs-huyara-867901.jpg	Les voitures de sport sont conçues pour maximiser les performances et les sensations de conduite, avec un design aérodynamique et un rapport masse/puissance favorable.	fond d écran jaune suisse voiture de sport pagani voiture performante genève rare 2014 roue de montrer salon supercar voitures de sport hypercars voitures de sport geneve véhicule terrestre design automobile voiture de course prototype de voiture véhicule de luxe véhicule à moteur exposition d automobiles supercs huyara 2272x1704 867901 fond d écran wallhere	4	3	3	0	0	752	00:00:08
313	Gajah	https://www.mongabay.co.id/wp-content/uploads/2018/02/gajah-kalimantan.jpg	Gajah adalah mamalia besar dari famili Elephantidae yang tersebar di Afrika dan Asia.	download 430 koleksi gambar gajah pada zaman dahulu gratis hd pixabay pro	3	3	3	0	0	685	00:00:08
161	IZ*ONE	https://data.ygosu.com/editor/attach/20200718/20200718152832_czunqaag.jpg	IZ*ONE is a 12-member South Korean-Japanese project girl group formed through the show PRODUCE 48.	걸그룹 별 비주얼 멤버 jpg	3	4	4	1	1	740	00:00:08
11	Gala Montes	https://3.bp.blogspot.com/-Tj99zJnwyBA/Wr863lbFhFI/AAAAAAAAeBY/LGLXT3ILkAcY0iJThPMERHwDgDLHKOcqgCEwYBhgL/s1600/fotos%2Bgala%2Bmontes%2Bde%2Boca-3.jpg	Gala Montes is a Mexican actress known for her roles in TV Azteca and the telenovela Diseñando tu amor.	gala montes de oca biografía y fotos noticias de espectáculos de chismes	3	3	3	0	0	760	00:00:08
76	Trijntje Oosterhuis	https://www.popinlimburg.nl/wp-content/uploads/2019/10/treintje.jpg	Trijntje Oosterhuis is a Dutch singer known for her solo career and participation in various music shows and events.	trijntje oosterhuis in grenswerk pop in limburg het online platform voor popmuziek in limburgpop in limburg het online platform voor popmuziek in limburg	3	4	3	1	1	677	00:00:07
140	China Suárez	https://images.losandes.com.ar/resizer/R9NmFNSHOchsDq4G6tSmf3PDLSE=/1168x1402/smart/cloudfront-us-east-1.images.arcpublishing.com/grupoclarin/BYCOIVROPVFBXBTEANR4KV3AVQ.png	China Suárez is an Argentine actress and singer.	la china suárez mostró cómo quedó el día en que decidió cortarse el pelo sola y de madrugada da la nota	3	4	4	1	1	742	00:00:08
157	強羅公園	https://i.pinimg.com/originals/9c/64/5f/9c645f2017750cd03c1ec8dc4a01ab63.jpg	強羅公園は神奈川県箱根町にある歴史的な公園で、植物園や体験型工芸施設が整備されています。	須磨 離宮 公園 バラ園 神戸 の バラ園 バラ の 花 壁紙 写真 集 無料 写真 素材 花 壁紙 神戸 美しい 風景 写真	4	2	4	0	0	611	00:00:07
189	Ryan Gosling	https://www.top10listas.com/archivos/i8s/284d45ac47ef01c130889203e63be7829910e466.jpg	Ryan Gosling is a Canadian actor, screenwriter, director, and musician known for his roles in both independent and major studio films.	top 10 fotos de ryan gosling top 10 listas	4	4	3	0	0	626	00:00:07
304	ビビッドアーミー	https://img.gameappch.com/image/vividarmy/sc/chara_27.jpg	ビビッドアーミーは、G123.jpで配信されているリアルタイムストラテジーブラウザゲーム。	ビビッド アーミー クリ エッタ の 評価 と 使い 方 おすすめ スキル と ステータス スマホ ゲーム ch	4	4	3	1	1	635	00:00:08
159	Shakira	https://www.lahiguera.net/musicalia/artistas/shakira/fotos/2352/shakira.jpg	"Shakira Isabel Mebarak Ripoll is a Colombian singer who gained global fame in 2001 with her song ""Whenever, Wherever""."	shakira foto 21 de 63	3	4	4	1	1	742	00:00:08
194	Uffizien	https://images.prismic.io/beige/f7eda751-79d5-4673-a79d-1ece374ded3a_Beige-Reise-Travel-Guide-Florenz-Fondazione-Casamonti-Innenhof.jpg?auto=compress,format?auto=format,compress&q=60	Die Uffizien sind ein Kunstmuseum in Florenz mit einer bedeutenden Sammlung von Renaissance-Gemälden.	der große beige travel guide für florenz beige	4	2	4	1	1	648	00:00:07
289	روبي	https://ar.hibamusic.com/ajouter2/files_uploded/photos_artiste/full_size/ruby-268-14384-5884013.jpg	روبي هي مغنية وممثلة وعارضة أزياء مصرية معروفة بأدوارها في الأفلام وكليباتها الغنائية.	روبي	3	4	4	1	1	760	00:00:08
44	Cana Island Light	https://img.fotocommunity.com/leuchtturm-auf-prince-edward-island-7ab36a15-38a4-4d7e-b5ce-59931e8c15a7.jpg?height=1080	Cana Island Light is a historic lighthouse in Door County, Wisconsin, built in 1869 and still active today.	leuchtturm auf prince edward island foto bild architektur ländliche architektur leuchtturm bilder auf fotocommunity	4	0	3	0	0	646	00:00:07
162	Schloss Tarasp	https://i.pinimg.com/originals/ed/2e/99/ed2e99f9e71ae4a3dac00de116595353.jpg	Schloss Tarasp is a prominent castle located on a conical rock hill in Scuol, Switzerland, and is a landmark of the Lower Engadine.	drachenburg castelli	4	2	4	0	0	635	00:00:08
109	김세정	http://blogfiles.naver.net/MjAxNjEwMzBfMjY3/MDAxNDc3ODI1Nzg1NDE2.60Nqri_0RPcpfGl6mYmQh-ywMxNFCMASol3HXkv1nMMg.V8cRdwxrI8Vb5XyNa5mxwgncZKyzH-zUenEVJotS0rQg.JPEG.grace4088/14145392_590494414409118_1224054974_n.jpg	김세정은 대한민국의 가수이자 배우로, PRODUCE 101을 통해 데뷔한 아이오아이와 구구단의 멤버였다.	김세정 사진 구구 단 김세정 김세정 움짤 김세정 셀카 김세정 배경 화면 네이버 블로그	3	4	4	1	1	779	00:00:08
317	Muszyna	https://cdn.zaklepnocleg.pl/cache/hd/53503_dafd6e48e6c3e63a0941c1c9317216eb.jpg	Muszyna is a spa town in Poland known for its mineral water springs, sanatoriums, pools, and parks.	ogrody sensoryczne muszyna galeria zdjęć muszyna	3	4	3	1	1	675	00:00:08
146	Castillo de Nijō	https://c1.staticflickr.com/4/3744/9683597301_0b880eb465_c.jpg	El Castillo de Nijō es un castillo japonés en Kioto, Japón, con una superficie total de 275 000 metros cuadrados.	el castillo nijo o nijo jo de kioto japonismo	3	4	3	1	1	741	00:00:08
115	قصر الحمراء	https://image.slidesharecdn.com/random-160225152122/95/-80-638.jpg?cb=1456414464	قصر الحمراء هو قصر أثري وحصن في غرناطة، إسبانيا، وأحد أهم صروح العمارة الإسلامية.	قصر الحمراء	3	4	4	1	1	802	00:00:09
254	Stephansdom	https://www.kdwupper.de/dsc-3048_815_0.jpg	Stephansdom, a historic Roman Catholic cathedral in Vienna, is a significant landmark and national treasure of Austria.	wdf wupper digitale fotografie passau stephansdom	3	3	3	0	0	821	00:00:10
170	Coliseo	https://i.pinimg.com/originals/00/7d/fb/007dfba339771ac93e736ac716d4d476.jpg	El Coliseo, un anfiteatro romano del siglo I, ubicado en el Foro Romano.	el coliseo de roma italia coliseo de roma roma italia coliseo	3	3	3	1	1	749	00:00:08
145	Toronto Maple Leafs	https://i.pinimg.com/originals/1c/8d/01/1c8d0189c0653efec0f62f4f189b7572.jpg	The Toronto Maple Leafs are a professional ice hockey team based in Toronto, competing in the NHL's Atlantic Division.	signed maple leafs programme no date	2	3	4	1	1	735	00:00:08
241	Burg Katzenstein	https://i.pinimg.com/originals/8d/08/a6/8d08a626922e0d717ecbfefd8adb8791.jpg	Burg Katzenstein is a historic hilltop castle in Langenburg, Baden-Württemberg, Germany.	schloss lichtenstein baden württemberg schloss lichtenstein instagram burg	3	2	3	0	0	643	00:00:08
235	Eminem	http://images2.fanpop.com/image/photos/9700000/Eminem-eminem-9776767-800-600.jpg	Eminem, an American rapper, songwriter, and actor, known for his solo career and as a member of D12 and Bad Meets Evil.	eminem eminem wallpaper 9776767 fanpop	4	4	4	1	1	583	00:00:06
137	Cincinnati Bengals	https://i.pinimg.com/originals/b5/5e/ef/b55eef600cfec76d12686b2ce7a147a3.jpg	The Cincinnati Bengals are a professional American football team based in Cincinnati, competing in the NFL.	digital art selected for the daily inspiration 1327 sport painting football art sports art	4	4	4	1	1	618	00:00:07
139	Swami Samarth	https://static.toiimg.com/thumb/msid-74649425,imgsize-729576,width-800,height-600,resizemode-75/74649425.jpg	Shri Swami Samarth Maharaj, a 19th-century Hindu spiritual master of the Dattatreya Tradition, known for his teachings and travels across India, eventually settling in Akkalkot, Maharashtra.	marathi tv show based on the life of swami samartha to launch soon times of india brand logos toi plus logo white	3	4	3	1	1	758	00:00:09
272	Clara Luciani	https://static.actu.fr/uploads/2019/03/IMG_7855-2.jpg	"Clara Luciani is a French singer-songwriter known for her work with the rock band La Femme and her hit single ""La Grenade""."	clara luciani la grenade envoûtante a conquis le public à la carène à brest côté brest	3	4	4	1	1	770	00:00:09
314	Child art	https://c8.alamy.com/comp/T9C13R/kids-paint-child-painting-in-white-sunny-study-room-little-girl-drawing-rainbow-school-kid-doing-art-homework-arts-and-crafts-for-kids-paint-on-c-T9C13R.jpg	Child art includes drawings, paintings, and other artistic works created by children, used in therapy and ethnography.	kids paint child painting in white sunny study room little girl drawing rainbow school kid doing art homework arts and crafts for kids paint on c stock photo 246741371 alamy	3	3	3	0	0	773	00:00:08
214	Seufzerbrücke	https://www.suedtirol-bild.com/fotos/big/venedig-006.jpg	Die Seufzerbrücke in Venedig verbindet den Dogenpalast mit dem neuen Gefängnis über den Rio di Palazzo.	fotos venedig rialtobrücke canale grande markusplatz seufzerbrücke	4	4	4	1	1	677	00:00:08
68	Alpes suizos	https://i.pinimg.com/originals/a9/b4/2b/a9b42b5f68871d741cd08f2b2cc976e2.jpg	Los Alpes suizos son una región montañosa que ocupa gran parte de Suiza, con cumbres que superan los 4000 metros de altura.	angelillo fotografia paisaje paisajes alpes suizos	4	4	4	1	1	773	00:00:08
71	Plants vs. Zombies 2	http://getwallpapers.com/wallpaper/full/f/7/8/1375798-free-download-plants-vs-zombies-wallpaper-1080x1920.jpg	Plants vs. Zombies 2 is a 2013 tower defense video game developed by PopCap Games and published by Electronic Arts.	plants vs zombies wallpaper 74 images	4	4	4	1	1	579	00:00:07
122	Castle Howard	http://2.bp.blogspot.com/-ChFtG0335Zs/UIbMJ11v05I/AAAAAAACLRA/R-h6Y-SsxkQ/s1600/8075390894_6080e3767c_b.jpg	Castle Howard is an English country house in North Yorkshire, home to the Howard family for over 300 years and a popular filming location.	loveisspeed castle howard is a stately home in north yorkshire england 15 miles north of york one of the grandest private residences in britain most of it was built between 1699 and 1712 for the 3rd earl of carlisle to a design by sir john vanbrugh although castle howard was built near the site of the ruined henderskelfe castle it is not a true castle but this term is often used for english country houses constructed after the castle building era and not intended for a military function castle howard has been the home of part of the howard family for more than 300 years	3	4	2	1	1	741	00:00:08
103	Lara Fabian	https://www.lacoccinelle.net/501628-3121.jpg?20191117	Lara Fabian is a Belgian-Canadian singer, songwriter, and actress known for her multilingual performances and international success.	paroles lara fabian paroles de chansons traductions et nouvelles chansons	3	4	3	0	0	637	00:00:08
18	Mosquée bleue	https://cdn.getyourguide.com/img/tour/5cebde7a99561.jpeg/146.jpg	La Mosquée bleue est une mosquée historique d'Istanbul, célèbre pour ses céramiques bleues.	dubaï visite de dubaï et de la mosquée bleue getyourguide	4	2	3	0	0	723	00:00:08
262	Jeu d'objets cachés	https://i.pinimg.com/736x/85/22/f3/8522f359c3ca5d2743528e8a52ac216d--hidden-object-games-le-code.jpg	Les jeux d'objets cachés sont des jeux vidéo de réflexion où le joueur doit retrouver des objets cachés dans une scène.	épinglé sur hidden object games	3	4	4	1	1	779	00:00:09
252	Ha*Ash	https://acordesweb.com/img/haash-ddff0d42090da3ed2eddc5da34db774c.jpg	Ha*Ash is a pop country duo from Lake Charles, Louisiana, formed by sisters Ashley Grace and Hanna Nicole in 2002, known for their influential music in Latin America.	acordes de ha ash todas sus canciones	3	4	3	1	1	623	00:00:07
200	Reichstagsgebäude	https://i.pinimg.com/736x/0f/a5/e3/0fa5e35a756d113621c5d5e481cef8e0.jpg	Reichstagsgebäude in Berlin, home of the German Bundestag and a historic landmark.	abendliches zusammensitzen am königsplatz aber nicht für mich bin nur auf dem weg in die arbeit vorbeigekommen jetzt dürfte fotografie instagram	4	2	2	0	0	632	00:00:07
138	حلا الترك	https://albilad.s3.me-south-1.amazonaws.com/images/news/2020/11/09/f09104840.jpg	حلا الترك، مغنية وممثلة بحرينية بدأت مشوارها الفني في سن السابعة واشتهرت من خلال برنامج 'عرب قوت تالنت'.	جريده البلاد حلا الترك تتحضر لطرح اغنيه جديده	3	4	4	1	1	715	00:00:08
67	Bamburgh Castle	https://i.pinimg.com/originals/8e/e4/6b/8ee46b654417e60081d216dfbef74eec.png	Bamburgh Castle is a historic castle located on the coast in Bamburgh, Northumberland, England.	bamburgh castle uk castles places of interest places to visit	3	4	4	1	1	761	00:00:09
13	PJ Masks	https://i.pinimg.com/originals/6a/0b/4b/6a0b4b37afa5da4724526583127524ba.png	PJ Masks is an animated superhero children's TV series based on the Les Pyjamasques book series, produced by Frog Box and Hasbro Entertainment, and aired on Disney Junior.	pin on cricut flowers	4	2	4	0	0	629	00:00:07
12	Perry Rhodan	https://i.pinimg.com/originals/e4/82/04/e482049aab8a65f82ceda26e5fe4cd9a.jpg	Perry Rhodan is the protagonist of a long-running German science fiction series published weekly since 1961.	perry rhodan lemúria perry rhodan weltall und welt	4	4	3	1	1	657	00:00:07
218	Rabka-Zdrój	https://www.regiontatry.pl/images/photo_new/atrakcje/1200/m_termy-chocholowskie-1.jpg	Rabka-Zdrój is a city in the Małopolskie Voivodeship, known for its location in the Rabczańska Basin and its scenic surroundings.	chochołowskie termy basen termalny aquapark chochołów atrakcje turystyczne	4	2	4	0	0	668	00:00:08
243	Philadelphia Flyers	https://i.pinimg.com/originals/4b/04/a2/4b04a2064a244c55d7102881faf27fa1.jpg	The Philadelphia Flyers are a professional ice hockey team based in Philadelphia, competing in the NHL's Eastern Conference.	pin by mariah on hockey captain america superhero philadelphia flyers	3	2	3	0	0	747	00:00:08
250	Ниагарский водопад	https://planetofhotels.com/sites/default/files/atttaction-images/12517046.jpg	Niagara Falls is a complex of waterfalls on the Niagara River, separating New York from Ontario.	ниагарский водопад в канаде фото с кратким описанием легенды	4	4	3	0	0	663	00:00:08
185	崩壊3rd	https://i3.gamebiz.jp/images/large/5122885035c10a17976c6d0033.jpg	崩壊3rdは、COGNOSPHEREから配信されているAndroid/iOS/Windows/macOS用ゲームアプリ。	mihoyo 崩壊 3rd オリジナル グッズ が 13 日 より セガ 秋葉原 4 店舗 限定 で ufo キャッチャー 景品 と し て 登場 gamebiz	4	4	4	1	1	612	00:00:07
79	Stefanie Hertel	https://i.pinimg.com/originals/77/be/ca/77becabe6852b1657806d9b0804b9f04.jpg	Stefanie Hertel is a German singer, TV host, and musical actress known for her folk music.	stefanie hertels trendige dirndl kollektion stockerpoint gmbh stefanie hertel dirndl kollektion	3	4	3	1	1	704	00:00:08
209	Museo del Hermitage	https://3.bp.blogspot.com/-ZOPca-rwJt8/V0m2-LfNJCI/AAAAAAAABQg/kUZk92ZjdgUp82KVm5qbM6dqlfRH44MtwCLcB/s1600/entradahermitage.jpg	Museo del Hermitage en San Petersburgo, Rusia, es una de las mayores pinacotecas y museos de antigüedades del mundo.	historia de la arquitectura ii el hermitage	3	4	4	1	1	749	00:00:08
39	Nail art	https://3.bp.blogspot.com/-we4Y4OJX2To/XLYK4P7R4KI/AAAAAAAAuJk/0yZJg68h-sgd_vfwUSKEKNovHvDOhXxCACLcBGAs/s1600/49756204_602577026833289_6506116024438626007_n.jpg	Nail art is a creative way to paint, decorate, and enhance nails, often done after manicures or pedicures.	top 10 new nail art designs 2019 the best nail art	3	4	3	1	1	619	00:00:07
111	정인선	https://www.fashionbiz.co.kr/images/PN/AR/44414.JPG	정인선은 대한민국의 배우로, 1996년 SBS 드라마 《당신》으로 데뷔했다.	패션 비즈 정인선 미센스 f w 화보 공개	4	4	4	1	1	595	00:00:07
158	Yuji Itadori	https://image7.uhdpaper.com/wallpaper-mobile-4k/jujutsu-kaisen-yuji-itadori-uhdpaper.com-4K-mobile-7.2855.jpg	Yuji Itadori is the protagonist of the anime and manga series Jujutsu Kaisen, created by Gege Akutami.	32 anime wallpaper yuji itadori free	4	4	4	1	1	631	00:00:07
41	Los Angeles Chargers	https://a57.foxsports.com/statics.foxsports.com/www.foxsports.com/content/uploads/2020/03/728/1214/825803daee3b476aad561ac557c9d607.jpg?ve=1&tl=1	The Los Angeles Chargers are a professional American football team based in the Greater Los Angeles area, competing in the NFL's AFC West division.	chargers to wear powder blue jerseys as primary home uniform fox sports	4	4	4	1	1	608	00:00:07
227	Le Trône de fer	https://images.alphacoders.com/719/thumb-1920-719265.jpg	Le Trône de fer est une série de romans de fantasy écrite par George R. R. Martin.	le trône de fer game of thrones 4k ultra fond d écran hd arrière plan 4500x2995 id 719265 wallpaper abyss	4	4	4	1	1	661	00:00:08
150	Fische	https://i.pinimg.com/564x/38/9f/29/389f297eb9ef6ec908924a6564e12ad0.jpg	Fische sind aquatisch lebende Wirbeltiere mit Kiemen und Kiefern.	fische a fischlexikon	4	4	4	1	1	736	00:00:08
276	True Beauty	https://6.viki.io/image/bc00974e57b14061a2dfa49d4057171e.jpeg?s=900x600&e=t	True Beauty is a South Korean TV show about a high school girl who learns makeup to become beautiful after being bullied for her looks.	8 momentos súper lindos de los episodios 7 8 de true beauty soompi	4	4	3	0	0	676	00:00:08
95	Phare d'Alexandrie	http://brijackow.files.wordpress.com/2010/03/phare_dalexandrie_barclay.jpg	Le phare d'Alexandrie, une des Sept Merveilles du monde antique, situé à Alexandrie, Égypte.	les sept merveilles du monde antique plumes d anges	2	4	4	1	1	750	00:00:08
315	Jultomten	https://i.pinimg.com/474x/44/b9/07/44b907b4d975e09129ebfdcc631aebec--lars.jpg	Jultomten, also known as Santa Claus, is a fictional character who delivers Christmas presents.	1739 bästa bilderna på julkort och julbonader i 2019 julkort julbilder och konstnärer	3	3	4	0	0	774	00:00:09
35	ENHYPEN	https://newsee-media.com/wp-content/uploads/2020/10/EiQIdwkU8AExodj.jpeg	Enhypen is a South Korean boy band formed by Belift Lab, consisting of seven members: Jake, Jay, Sunoo, Heeseung, Sunghoon, Jungwon, and Ni-ki.	enhypen エン ハイフン の メンバー 人気 順 ランキング 身長 や カラー など プロフィール も 総まとめ 2021 最新 版	4	4	3	0	0	683	00:00:07
275	Girls Aloud	https://i.pinimg.com/originals/5f/39/f2/5f39f2e18d489901a694c02966b25b7a.png	Girls Aloud is a British-Irish pop girl group formed in 2002, known for their chart-topping singles and albums.	girls aloud cheryl cole celebrity hairstyles red hair maria luisa117 lthayer48 blynnx23 laarmold foreverande7401	3	3	2	0	0	791	00:00:09
310	Барби	https://papa.by/image/cache/catalog/product/DVP55-barbie-05-900x1200.jpg	Барби - популярная кукла для девочек, созданная компанией Mattel в 1959 году.	кукла барби коллекционная прогулка в парке dvp55 купить в минске	4	4	4	1	1	587	00:00:06
221	Kenia Os	https://i.pinimg.com/736x/38/96/b4/3896b4182dda02b02ff6b6dca73a0eb2.jpg	Kenia OS is a Mexican singer, composer, internet celebrity, and entrepreneur.	kenia os en instagram obten un 18 % de descuento con mi código kenia en @ shein mex @ sheinofficial válido hasta el 7 de o fashion cropped leggings coat	3	2	2	0	0	766	00:00:09
51	Amanda Manopo	https://cdn.popbela.com/content-images/post/20210413/covertwittercom-nabeyls-253b43fa33bbd8a19a6fb4d75d043f41_750x500.jpg	Amanda Manopo is an Indonesian actress, singer, and model of Filipino, Spanish, and Minahasa descent.	15 film dan series yang dibintangi amanda manopo	3	4	4	1	1	712	00:00:08
229	La Défense	https://i.pinimg.com/originals/16/ad/18/16ad183349da280b5871674255a94cb3.png	La Défense is a major business district in the Paris metropolitan area, known for its corporate headquarters and modern architecture.	hilton paris la défense hotel paris la défense la défense paris	3	3	3	1	1	801	00:00:09
174	Cyberpunk 2077	https://i.pinimg.com/originals/ee/67/eb/ee67ebfd89725848ed0e02b8bbfabe8b.png	Cyberpunk 2077 is a role-playing action game set in a dystopian open world, developed by CD Projekt Red.	cyberpunk obsessed on instagram i feel confined only free to expand myself within boundaries motoko kuss cyberpunk girl cyberpunk aesthetic cyberpunk art borsuk0733 andresmigue 14 thelazy0n3 guillendiazd	4	3	2	0	0	659	00:00:07
264	錦織公園	https://blogimg.goo.ne.jp/user_image/04/b1/b91fc647f193a2823948afde70fd0fc8.jpg	錦織公園は大阪府富田林市にある広大な都市公園で、自然や歴史を楽しめる場所です。	錦織 公園 の 梅 2017 富田林 百景 とんだ ばやし と その 周辺 の 魅力 を 発信	3	4	3	1	1	759	00:00:08
132	Florian Silbereisen	https://i.pinimg.com/originals/2b/12/17/2b1217b26ef483bb9348169f7cf338e6.jpg	"Florian Silbereisen is a German showmaster, TV host, singer, and actor known for his work on ""Feste mit Florian Silbereisen"" and ""Das Traumschiff""."	florian silbereisen diese stars feiern mit ihm das adventsfest zu den fotos florian silbereisen silbereisen florian	4	4	3	1	1	581	00:00:06
29	Miku Hatsune	https://besthqwallpapers.com/Uploads/10-9-2017/20208/thumb2-hatsune-miku-art-portrait-anime-characters-vocaloid.jpg	Miku Hatsune is a virtual character in manga style, created as a mascot for the Vocaloid2 software synthesizer.	descargar fondos de pantalla hatsune miku el arte retratos personajes de anime vocaloid libre imágenes fondos de descarga gratuita	4	4	3	0	0	696	00:00:08
198	Lego Minecraft	https://www.xtrafondos.com/wallpapers/vertical/minecraft-dungeons-8332.jpg	Lego Minecraft is a Lego theme based on the Minecraft video game, featuring interlinked scenes and movable characters.	minecraft dungeons fondo de pantalla 4k ultra hd id 8332	4	1	3	0	0	659	00:00:08
134	ABBA	https://abba.de/media/image/35/a7/c4/abba190.jpg	ABBA is a highly successful Swedish pop band formed in 1972, known for selling over 150 million records worldwide.	fotos gruppe fotos mediathek abba deutsche fanwebseite	3	3	3	0	0	760	00:00:08
258	Petite France	https://thumbs.dreamstime.com/b/puente-cubierto-en-la-francia-menuda-estrasburgo-60491999.jpg	La Petite France es un pintoresco barrio histórico en Estrasburgo, Francia.	puente cubierto en la francia menuda estrasburgo imagen de archivo editorial imagen de europa paisaje 60491999	3	3	3	0	0	775	00:00:09
78	サイバーパンク2077	https://s2.best-wallpaper.net/wallpaper/iphone/1811/Cyberpunk-2077-supercar-night-city-E3-game_iphone_640x1136.jpg	サイバーパンク2077は、未来世界を舞台にしたオープンワールド型アクションRPG。	壁紙 サイバー パンク 2077 スーパー カー ナイト シティ e3 ゲーム 2560x1440 qhd 無料 の デスクトップ の 背景 画像	4	4	4	1	1	664	00:00:07
208	محمد صلاح	https://akhbarelyom.com/images/images/large/20180119182317782.jpg	محمد صلاح هو لاعب كرة قدم مصري يلعب كجناح أيمن في نادي ليفربول ومنتخب مصر، وحصل على العديد من الجوائز.	فيديو محمد صلاح يسلطن عشاق ليفربول والجماهير هنغني معاك بوابه اخبار اليوم الالكترونيه	4	4	4	1	1	654	00:00:07
287	Galatasaray	https://i.pinimg.com/originals/d6/89/13/d689137c1094e67c0ad822fecde41990.jpg	Galatasaray women's football team in the Women's Super League	galatasaray panosundaki pin	3	4	3	1	1	762	00:00:09
187	Tabaluga	https://bilder.fernsehserien.de/epg/4e3/4e370879cc14467ce2ca498763146292e1597c35_b.jpg	Tabaluga – an animated TV show about a green dragon and his friends.	tabaluga s01e10 drachen weinen nicht fernsehserien de	3	4	3	1	1	723	00:00:08
295	빈센트 반 고흐	https://i.pinimg.com/originals/73/35/32/7335320244a29e5609bcc82ff4d13a58.jpg	빈센트 반 고흐는 네덜란드의 위대한 화가로, 그의 작품은 사후에 인정받았다.	le moulin de la galette 1886 by vincent van gogh 반 고흐 그림 빈센트 반 고흐 풍경화	3	4	4	1	1	803	00:00:09
92	Депп, Джонни	https://i.pinimg.com/originals/24/68/c7/2468c71633b5288565c4dd8966f1601d.jpg	"Джонни Депп - американский актёр, известный ролями в фильмах Тима Бёртона и серии ""Пираты Карибского моря""."	джек воробей на странных берегах про фильм пираты карибского моря на странных берегах пираты капитан джек воробей пираты карибского моря	4	3	4	0	0	649	00:00:07
74	Helene Fischer	https://www.konzert-nerd.de/wp-content/uploads/2019/11/Helene-Fischer_Schlagerbooom2019_Dortmund_02.11.2019_Copyright-by-Stefan-Claus-Konzert-Festival-Nerd_Essen-Germany-2019-22017.jpg	Helene Fischer is a highly successful German pop musician, singer, dancer, entertainer, TV host, and actress.	helene fischer beim schlagerbooom 2019 in der westfalenhalle dortmund 02 11 2019 konzert und festival nerd	3	4	3	1	1	638	00:00:07
7	Méduse	https://i.pinimg.com/474x/49/b8/6d/49b86d6cad4e20eb108be75790778bad--sculpter-medusa.jpg	Méduse, also known as Medusa, is a mortal Gorgon from Greek mythology, daughter of Phorcys and Ceto, and a cousin to Chimera and Hydra.	les 13 meilleures images de mythologie greco romaine meduse mythologie gorgone et meduse	3	4	4	1	1	723	00:00:08
172	Les Simpson	https://get.wallhere.com/photo/The-Simpsons-humor-cartoon-artwork-TV-Remote-1597989.jpg	Les Simpson est une série télévisée d'animation américaine créée par Matt Groening, diffusée depuis 1989.	fond d écran les simpsons humour dessin animé ouvrages d art tv remote 2520x1550 wallpapermaniac 1597989 fond d écran wallhere	4	3	3	1	1	746	00:00:08
302	Sauron	https://i.pinimg.com/originals/91/3d/bc/913dbc6ad94cc244dcfe080e8fc54cb8.jpg	Sauron is the antagonist and creator of the One Ring in J.R.R. Tolkien's books, appearing in The Lord of the Rings and The Silmarillion.	sauron with images postaci fantasy śródziemie władca pierścieni	4	4	3	0	0	636	00:00:08
273	Plants vs. Zombies	http://mightycanvas.com/wp-content/uploads/2017/01/pvz2_01.jpg	Plants vs. Zombies is a tower defense video game developed by PopCap Games, initially released for Windows and OS X in 2009.	plants vs zombies garden warfare 2 mighty canvas	4	3	4	0	0	688	00:00:08
104	Atlético Madrid	http://i.dailymail.co.uk/i/pix/2014/08/30/1409436420280_wps_15_Atletico_s_Diego_Godin_fr.jpg	Atlético Madrid is a Spanish professional football club based in Madrid, playing in La Liga.	atletico madrid presented with la liga trophy soccerleagueupdates	3	4	3	1	1	769	00:00:08
274	Fusée	https://c.pxhere.com/photos/45/c2/atlantis_space_shuttle_launch_liftoff_rocket_vehicle_spaceship_spacecraft_blast_mission-759511.jpg!d	Une fusée est un véhicule propulsé par des moteurs-fusées pour se déplacer dans l'atmosphère ou l'espace.	images gratuites véhicule vol fusée mission explosion exploration vaisseau spatial décollage navette spatiale missile lancement atmosphère de la terre lancement de la navette spatiale atlantis 2110x2700 759511 banque d image gratuite pxhere	4	4	3	1	1	579	00:00:06
217	Polanica-Zdrój	https://live.staticflickr.com/4124/4831284333_fa9d553930.jpg	Polanica-Zdrój – a spa town in Poland, located in the Lower Silesian Voivodeship, in the Kłodzko County, situated in the Bystrzyca Dusznicka valley at the foot of the Piekielna Mountain massif.	kolorowa fontanna polanica zdroj foty prosto z aparatu flickr new icn message flickr free ic 3d pan white	3	2	2	0	0	851	00:00:10
37	Bayern-Park	https://www.familydays.de/uploads/freizeitattraktion/1248/5f2cf8f790a98/bayern-park-das-freizeitparadies-fuer-die-ganze-familie.jpg	Bayern-Park is a leisure park in Fellbach, Reisbach, Lower Bavaria, offering over 80 attractions on a 40-hectare area.	bayern park das freizeitparadies für die ganze familie	4	4	4	1	1	712	00:00:08
123	Найтли, Кира	http://secondstreet.ru/uploads/images/00/25/71/2013/08/14/vyshitoe-plate-kiry-naytli.jpg	"Кира Найтли - британская актриса, известная по ролям в фильмах и сериалах, таких как ""Пираты Карибского моря"" и ""Гордость и предубеждение""."	вышитое платье киры найтли звездный стиль вторая улица выкройки мода и современное рукоделие и diy	4	4	3	1	1	697	00:00:08
271	松本城	https://blogimg.goo.ne.jp/user_image/1f/6d/c22783b29e1b1b6205f73d948535c6bc.gif	松本城は長野県松本市にある国宝指定の日本の城。	★ ドラマチック な 秋 の 空 と 国宝 松本 城 暖色 の 葉 1 2019 へそまがり 姫 あっちこっち	3	4	3	1	1	838	00:00:10
277	Giewont	https://www.tapeciarnia.pl/tapety/normalne/146191_gory_giewont_niebo.jpg	Giewont is a mountain massif in the Western Tatras, Poland, with a peak height of 1895 meters.	góry giewont niebo	4	4	4	1	1	637	00:00:07
46	Bee Gees	https://www.private-beegees-archives.de/s/cc_images/cache_18605337.jpg?t=1391268688	Die Bee Gees waren eine weltweit bekannte Popgruppe der Brüder Barry, Maurice und Robin Gibb.	private bee gees archives massachusetts das bee gees musical performed by italian bee gees 2014	3	4	3	1	1	797	00:00:09
21	Palina Rojinski	https://apps-cloud.n-tv.de/img/10857821-1371744451000/o/1536/1536/31084003.jpg	Palina Rojinski is a Russian-German TV host and actress known for her work on VIVA and MTV Home.	frisch unverbraucht frech schräg schräger palina rojinski n tv de	4	4	3	1	1	739	00:00:09
292	上越市立水族博物館	https://image.space.rakuten.co.jp/d/strg/ctrl/9/198149b0497503276f9aa4c32e73da02b1c14e38.82.9.9.3.jpeg	上越市立水族博物館は新潟県上越市にある水族館で、2018年にリニューアルオープンし、約300種・45,000点の水棲生物を飼育しています。	新潟 市 水族館 マリン ピア 日本海 行っ て 来 まし た 旅 ホテル プラザ 楽天 ブログ	3	3	4	0	0	679	00:00:08
233	Zamek Grodziec	https://zamkomania.pl/foto7/nidzica13.jpg	Zamek Grodziec is a historic late-Gothic castle located near the village of Grodziec in Lower Silesia, Poland.	nidzica gotycki zamek krzyżacki polskie zamki i dwory obronne	3	1	4	0	0	802	00:00:09
173	Ehrenburg	https://img.oastatic.com/img2/45429183/max/der-ausblick-von-der-wegelnburg-bei-sonnenauf-oder-untergang.jpg	Die Ehrenburg ist eine historische Burgruine in der Nähe von Brodenbach, heute ein Kulturdenkmal mit vielen Veranstaltungen.	top 20 prädikats rundwanderwege zu burgen in rheinland pfalz liste die	4	2	3	1	1	671	00:00:07
6	Château de Foix	https://www.landolia.com/photo/2014/photo-maison-medievale-chateau-de-foix-42276-xl.jpg	Château de Foix is a 12th-century fortress located on a rocky platform overlooking the town of Foix in the Ariège department, Occitanie region.	maison médiévale foix france landolia un monde de photos	3	3	4	0	0	689	00:00:08
9	Harimau putih	http://1.bp.blogspot.com/-iAX6r0UwiIg/UC9xqccGBBI/AAAAAAAAEFM/KyH66yOaT2I/s1600/wallpapers-atoz.blog-White%2BTiger%2BWallpaper-05.jpg	Harimau putih adalah harimau dengan gen resesif yang menghasilkan pewarnaan pucat dan belang pudar.	harimau putih dam background	3	4	3	1	1	739	00:00:08
127	미쓰에이	https://image.fmkorea.com/files/attach/new/20180724/3655109/577002901/1173610101/5fa98b6b72cdffea729c4662ee381376.jpg	미쓰에이는 JYP 엔터테인먼트 소속의 다국적 4인조 걸 그룹으로, 2010년 데뷔 후 여러 앨범을 발매했으며 2017년 해체했다.	180718 쇼챔피언 미니 팬미팅 엘리스 유경 걸그룹 갤러리 에펨 코리아	3	3	4	0	0	672	00:00:08
201	Hande Erçel	https://icdn.ensonhaber.com/resimler/diger/kok/2019/03/24/tuj_4060.jpg	Hande Erçel, Turkish actress and model born on November 24, 1993, in Bandırma.	hande erçel in makyajsız hali	3	4	3	1	1	779	00:00:09
268	Marie-Mai	http://reined.r.e.pic.centerblog.net/o/748f23d1.png	Marie-Mai Bouchard is a Quebec singer-songwriter known for her albums and collaboration with Simple Plan.	chanteuse marie mai page 2	3	4	3	1	1	739	00:00:08
280	Grand Palace	https://vistapointe.net/images/grand-palace-wallpaper-17.jpg	The Grand Palace in Bangkok, Thailand, is a historic complex of buildings and a major tourist attraction.	grand palace wallpapers man made hq grand palace pictures 4k wallpapers 2019	4	4	3	1	1	681	00:00:08
32	Уюни	https://img1.liveinternet.ru/images/attach/c/2/72/546/72546094_971.jpg	Уюни — крупнейший солончак в мире, расположенный в Боливии на высоте 3650 м.	достопримечательности боливии соляная пустыня уюни обсуждение на liveinternet российский сервис онлайн дневников	3	4	4	1	1	652	00:00:07
96	Tanah Lot	https://i.pinimg.com/originals/df/0e/5d/df0e5d77d3fe16f28267636448ff1430.jpg	Tanah Lot is a rock formation in Bali, home to the ancient Hindu temple Pura Tanah Lot, and a popular tourist and photography spot.	tanah lot in bali a tourist attraction that offers the natural beauty of the sunset pura tanah lot is the uniqueness tourist attraction scenic beautiful world	4	4	3	1	1	569	00:00:08
216	Obito Uchiha	https://images-wixmp-ed30a86b8c4ca887773594c2.wixmp.com/f/a05d0b14-98d7-40d8-b9dd-6b0149bdeab0/dctc009-0e891b4c-130e-4e83-9f2b-d1eae8d65b20.jpg/v1/fill/w_1031,h_775,q_70,strp/obito_uchiha__1__by_dp1757_dctc009-pre.jpg?token=eyJ0eXAiOiJKV1QiLCJhbGciOiJIUzI1NiJ9.eyJzdWIiOiJ1cm46YXBwOjdlMGQxODg5ODIyNjQzNzNhNWYwZDQxNWVhMGQyNmUwIiwiaXNzIjoidXJuOmFwcDo3ZTBkMTg4OTgyMjY0MzczYTVmMGQ0MTVlYTBkMjZlMCIsIm9iaiI6W1t7ImhlaWdodCI6Ijw9OTYzIiwicGF0aCI6IlwvZlwvYTA1ZDBiMTQtOThkNy00MGQ4LWI5ZGQtNmIwMTQ5YmRlYWIwXC9kY3RjMDA5LTBlODkxYjRjLTEzMGUtNGU4My05ZjJiLWQxZWFlOGQ2NWIyMC5qcGciLCJ3aWR0aCI6Ijw9MTI4MCJ9XV0sImF1ZCI6WyJ1cm46c2VydmljZTppbWFnZS5vcGVyYXRpb25zIl19.8WphEc8aKPX6AaNFikRXO9SK9XRPXAUMq0DmDnVF7A4	Obito Uchiha, also known as Tobi, is a character in the manga Naruto who becomes the leader of the Akatsuki organization.	obito uchiha 1 by dp1757 on deviantart	3	4	4	1	1	704	00:00:08
204	Museum Voorlinden	https://www.dewinisolatie.nl/media/rk0lnsvx/voorlindenyayoi.jpg?width=1200&height=853&mode=max	Museum Voorlinden is a private museum for modern and contemporary art in Wassenaar, South Holland, featuring the Caldic Collection.	museum voorlinden wassenaar dewin isolatie	4	3	4	0	0	695	00:00:09
256	Musée de Montmartre	https://www.parismuseescollections.paris.fr/sites/default/files/styles/pm_diaporama_zoom/public/atoms/images/CAR/lpdp_24169-5.jpg?itok=5fYrt3hb	Musée de Montmartre is an art museum in Montmartre, Paris, showcasing the history and artists of the area.	le théâtre des variétés et le passage des panoramas boulevard montmartre vers 1825 paris musées	3	2	3	0	0	715	00:00:08
72	Hauskatze	https://i.pinimg.com/474x/42/31/7a/42317a75b8fef59771df93defee1ae3d.jpg	Die Hauskatze ist eine beliebte Haustierform der Falbkatze, die keiner anerkannten Katzenrasse angehört.	260 katzenfotos ideen fotoshooting mit katze ideen in 2021 katzen fotos katzen tiere	3	4	4	1	1	743	00:00:08
179	تاج محل	https://cdn.al-ain.com/lg/images/2017/6/10/79-132702-india-islamic-landmarks-taj-mahal-10.jpeg	تاج محل هو ضريح رائع من الرخام الأبيض في أغرة، الهند، شيده الإمبراطور المغولي شاه جهان لزوجته ممتاز محل.	اهم 5 معالم اسلاميه في الهند	4	4	4	1	1	620	00:00:07
281	كريستيانو رونالدو	https://i0.wp.com/www.newphotodownload.info/wp-content/uploads/2019/03/كريستيانو-10.jpg?w=564&ssl=1	كريستيانو رونالدو: لاعب كرة قدم برتغالي يلعب مع نادي النصر السعودي وقائد المنتخب البرتغالي، يعتبر أحد أعظم اللاعبين في تاريخ كرة القدم.	صور خلفيات كريستيانو رونالدو عاليه الجوده full hd فوتوجرافر	4	4	4	1	1	698	00:00:08
25	Брыльска, Барбара	https://i.pinimg.com/originals/43/3d/7b/433d7b7b24169fcfeee9b7a0dab3a7dc.jpg	Барбара Брыльска — польская актриса, известная по роли Нади Шевелевой в фильме «Ирония судьбы, или С лёгким паром!».	barbara brylska портреты знаменитостей кинозвезды люди искусство	3	4	4	1	1	789	00:00:08
112	Kenilworth Castle	https://preview.redd.it/2jg2432iwsr51.jpg?auto=webp&s=653d8b3212bc810c5a00ca9767888830bc6a1593	Kenilworth Castle is a historic castle in Warwickshire, England, known for its architectural significance and managed by English Heritage.	hohenzollern castle in germany castles	3	2	4	0	0	698	00:00:08
45	Los Angeles Rams	https://jenifershop.com/wp-content/uploads/2021/05/il_fullxfull.1977444591_qj24-1536x1245.jpg	Los Angeles Rams: NFL team with two Super Bowl wins, based in Los Angeles, California.	aaron donald los angeles rams sports art print football man cave gift sports decor poster canvas wall art print jenifer shop	3	2	3	1	1	694	00:00:08
120	Demi Moore	https://i.pinimg.com/originals/b8/63/c4/b863c425db90b4feb77aef4c7a6a8703.jpg	Demi Moore is an American actress, model, and film producer born on November 11, 1962, in Roswell, New Mexico.	demi moore demi moore celebrities hollywood celebrities	4	3	3	0	0	564	00:00:06
8	Фиксики	https://mult.tv/fiksiki/images/pyatno.webp	Фиксики - российский компьютерный мультипликационный сериал, созданный по мотивам повести Эдуарда Успенского.	мультфильм фиксики смотреть онлайн все серии	4	4	4	1	1	734	00:00:08
1	Yoshi	http://img2.wikia.nocookie.net/__cb20120804033133/ssbb/es/images/thumb/4/4e/Trofeo_de_Yoshi_%28Smash_1%29_SSBM.png/500px-Trofeo_de_Yoshi_%28Smash_1%29_SSBM.png	Yoshi is a fictional character from various Nintendo games, known for his long tongue, ability to swallow large objects, and using eggs as weapons.	discusión lista de trofeos de ssbm yoshi smashpedia wikia	4	4	3	0	0	696	00:00:08
113	Chapultepec	https://i.pinimg.com/originals/fe/06/ad/fe06ad7beb8b610fe64f7e92781b5628.jpg	Chapultepec is a large urban park in Mexico City, the largest in Latin America.	conoce méxico @ conoce mexico fotos y videos de instagram paisaje mexico viajes en mexico lugares hermosos de mexico	3	3	2	0	0	814	00:00:09
175	God of War	https://i.pinimg.com/originals/93/e5/dc/93e5dc1c26f540f8ff4081ad6fb98b48.jpg	God of War is a third-person action-adventure video game developed by SIE Santa Monica and published by Sony Computer Entertainment, first released on March 22, 2005, for PlayStation 2.	pin by joseph zinni on warriors battle painting god of war kratos god of war war	4	4	4	1	1	726	00:00:09
207	Enej	https://cdn.galleries.smcloud.net/t/galleries/gf-Vq4u-FEmw-XdTa_enej-nowy-perkusista-dolaczyl-do-skladu-kornel-zastapi-bolka-664x442-nocrop.jpg	Enej is a Polish-Ukrainian band founded in 2002, known for their folk, rock, ska, punk, and alternative Ukrainian music.	enej nowy perkusista w zespole kornel kondrak zastąpi pawła sołoduchę dlaczego doszło do zmiany video eskarock pl	3	4	3	1	1	643	00:00:08
212	Hey! Say! JUMP	https://i.pinimg.com/originals/6d/3e/da/6d3eda9888be8231b77da0ff52043ea3.jpg	Hey! Say! JUMP is a Japanese male idol group formed in 2007.	平成 ジャンプ 壁紙 321409	4	4	4	1	1	769	00:00:09
203	スポーツカー	https://www.webcartop.jp/wp-content/uploads/2017/07/3343064b8fe0a0ce763d140966257f89-680x439.png	スポーツカーは、スポーツドライビングを楽しむために設計された自動車のカテゴリです。	世界 の 名車 これ ぞ スポーツ カー の 真 の 姿 初代 ロータス エリーゼ 自動車 情報 ニュース web cartop	3	4	4	1	1	616	00:00:07
184	Mont Fuji	https://thumbs.dreamstime.com/b/montagne-fuji-et-champ-rose-de-mousse-au-printemps-59541485.jpg	Mont Fuji is the highest mountain in Japan, located in the center of the country near Tokyo, and is an active stratovolcano.	mt fuji et arbre rose au printemps kaw de fleurs de cerisier photo stock image du printemps arbre 37769794	4	3	3	0	0	706	00:00:08
30	Inspector Gadget	https://i.pinimg.com/originals/99/e4/92/99e492f93d2a9ec9dd774d7a14e71e47.png	Inspector Gadget is a media franchise that started with a 1983 animated TV series and includes spin-offs, video games, and films.	inspector gadget the beginning by polarstar on deviantart inspector gadget gadgets character design	4	4	3	1	1	715	00:00:09
225	Коты-Воители	https://pm1.narvii.com/7679/f50dae098f252cf9114b32872757923ea4eedebdr1-1193-1200v2_hq.jpg	Коты-Воители: серия романов о приключениях диких котов, написанная под псевдонимом Эрин Хантер.	породы котов воителей коты воители амино amino	3	3	3	1	1	749	00:00:08
171	アークナイツ	https://gameline.jp/arknights/wp-content/plugins/gameline_auto_make_fixed_page/images/arknights/c-fang.jpg	アークナイツは中国のゲーム会社Hypergryphが開発したスマートフォン向けゲームアプリ。	アーク ナイツ フェ ン の 評価 と 解説 ゲーム ライン	4	4	3	1	1	615	00:00:08
65	Florida Aquarium	https://pbs.twimg.com/media/DpkrjnTW4AALny8.jpg	The Florida Aquarium in Tampa, Florida, is a large non-profit aquarium with over 7,000 aquatic plants and animals, known for its conservation and educational programs.	the florida aquarium visit st petersburg clearwater florida	3	4	3	1	1	775	00:00:09
53	Alcatraz Island	https://www.tripsavvy.com/thmb/Ym99i9GZ1wjAugctoftcRucp21U=/5100x3401/filters:no_upscale():max_bytes(150000):strip_icc()/usa-california-san-francisco-alcatraz-island-lighthouse-at-bay-bridge-and-skyline-sb10067014f-001-58c6ef763df78c353cbcbef2.jpg	Alcatraz Island: A historic site and former federal prison turned tourist attraction in San Francisco.	16 spectacular california lighthouses you will love	4	3	4	0	0	832	00:00:09
28	Godzilla	https://i.pinimg.com/originals/3e/65/3b/3e653b6428dd8674d478d626518df4d5.jpg	Godzilla is a fictional monster that debuted in a 1954 film and has become an international pop culture icon, appearing in various media.	pin on godzilla	4	4	4	1	1	641	00:00:07
178	ノーゲーム・ノーライフ	https://dengekionline.com/elem/000/001/528/1528640/ngnl_04_cs1w1_400x.jpg	『ノーゲーム・ノーライフ』は、榎宮祐による人気ライトノベルシリーズ。	劇場 版 ノー ゲーム ノー ライフ 特典 付き 限定 前 売券 の 情報 公開 特製 デジタル キャンバス など 付属 電撃 オンライン	4	4	3	1	1	730	00:00:08
10	The Chicks	https://static.standard.co.uk/s3fs-public/thumbnails/image/2016/05/03/10/dixiechicks0305a.jpg	The Chicks are an American country band from Dallas, Texas, consisting of Natalie Maines, Martie Maguire, and Emily Strayer.	dixie chicks tour review brave texas trio take on donald trump london evening standard es masthead itunesartwork itunesartwork	3	3	2	0	0	814	00:00:10
191	Walt Disney World	https://www.allamericanatlas.com/wp-content/uploads/2020/02/Disney-World-for-Adults-1024x683.jpg	Walt Disney World Resort is a large entertainment complex in Florida with theme parks, water parks, golf courses, and hotels.	disney world for adults the must have guide all american atlas	4	4	3	1	1	611	00:00:07
99	My Little Pony	https://i.pinimg.com/736x/fe/b5/93/feb593087921029c0eb6655b7558f917.jpg	My Little Pony is a toy franchise developed by Hasbro, featuring colorful plastic ponies popular in the 1980s.	fullsizerender1 fiesta little pony fiesta de ponny y fiesta de princesas	3	3	3	0	0	766	00:00:08
177	El Cuarteto de Nos	https://caracoltv.brightspotcdn.com/dims4/default/bac4ac5/2147483647/strip/true/crop/640x425+0+0/resize/640x425!/quality/90/?url=https:%2F%2Fcaracol-brightspot.s3-us-west-2.amazonaws.com%2Fassets%2Fnoticias%2F290515-cuarteto-de-nos-cali.jpg	El Cuarteto de Nos is a Uruguayan rock band formed in 1984.	la banda uruguaya cuarteto de nos se toma por primera vez a cali como escenario	3	4	4	1	1	724	00:00:08
182	Topkapı Sarayı	https://i.pinimg.com/originals/9e/bb/82/9ebb82c16b58e93bbabee78641e2abbf.jpg	Topkapı Palace in Istanbul, a historical residence of Ottoman sultans and administrative center for 400 years.	hünkar sofası harem topkapı sarayı topkapı palace ottoman empire ista topkapi istanbul istanbul turkey	3	4	3	1	1	656	00:00:07
66	Kansas City Royals	https://i.pinimg.com/originals/69/dd/29/69dd291ec6e35b8f697613eebe31d925.jpg	The Kansas City Royals are a professional baseball team based in Kansas City, Missouri, competing in Major League Baseball's American League Central Division.	pin by s on forever royal with images kansas city royals baseball kansas city royals kc royals baseball	3	4	3	1	1	797	00:00:08
253	Boston Bruins	https://wallpaperaccess.com/full/1470562.jpg	Boston Bruins is a professional American ice hockey team based in Boston, Massachusetts, playing in the NHL's Atlantic Division.	boston bruins wallpapers top free boston bruins backgrounds wallpaperaccess	4	4	4	1	1	623	00:00:07
151	SZA	https://i.pinimg.com/736x/32/1e/16/321e1695640a4a8b0be30cf602f84673.jpg	SZA is an American singer-songwriter known for her EPs and being the first female artist to sign with Top Dawg Entertainment.	pin on sza	3	4	4	1	1	734	00:00:08
43	Acoma Pueblo	https://i.pinimg.com/originals/b9/63/37/b96337800e58989e8ab3ea7c3f525032.jpg	Acoma Pueblo is a historic Native American village in New Mexico, known for its cultural significance and scenic views.	unaweep canyon colorado places to travel places to visit places to go	4	1	3	0	0	667	00:00:07
56	Lake Titicaca	https://i.redd.it/yzss2wslt6u31.png	Lake Titicaca: A large freshwater lake in the Andes mountains on the Bolivia-Peru border, known as the highest navigable lake in the world.	the uros these people live in islands they build on lake titicaca peru and bolivia with dead plants straw they have houses churches and soccer fields on top of it pics	3	3	2	0	0	773	00:00:08
196	Musée Galilée	https://i.pinimg.com/originals/b3/12/d1/b312d1623ec54d1f624535ea4d37c0ac.jpg	Le musée Galilée à Florence, situé dans le palais Castellani, est un musée historique près de la galerie des Offices.	musée jacquemart andré 158 boulevard haussmann paris 8e la fresque de tiepolo s lloyd musée jacquemart andré fresque musée	4	2	3	0	0	772	00:00:08
128	Piolín	https://i.pinimg.com/474x/17/d2/4a/17d24a3d31919bd56c24843bb976d405.jpg	Piolín, also known as Tweety, is a character from the Looney Tunes animated series created by Bob Clampett for Warner Bros.	900 ideas de piolin en 2021 piolin piolin imagenes dibujos de piolin	3	3	3	1	1	655	00:00:07
143	Beatrice Egli	https://images.intouch.wunderweib.de/beatrice-egli,id=b6e154b6,b=intouch,w=1600,rm=sk.jpeg	Beatrice Egli is a Swiss pop singer and TV host, winner of the 2013 season of Deutschland sucht den Superstar.	beatrice egli baby drama sie macht ein trauriges geständnis intouch	4	3	3	0	0	742	00:00:08
19	Jennifer Lopez	https://i.pinimg.com/originals/e9/96/03/e996035e83de1b84ccfb404ba87f7880.jpg	Jennifer Lopez is an American actress, singer, fashion designer, and dancer known as J.Lo, famous for her roles in movies like Selena and Maid in Manhattan.	johnny depp and jennifer lopez johnny depp johnny depps son johnny	4	2	4	0	0	620	00:00:07
303	Minecraft	https://wallpaper-house.com/data/out/10/wallpaper2you_443619.jpg	Minecraft là trò chơi điện tử sandbox nổi tiếng, phát triển bởi Mojang Studio, bán chạy nhất mọi thời đại.	ipad minecraft 壁紙	4	4	3	0	0	648	00:00:07
282	Atlanta Falcons	https://3.bp.blogspot.com/-B27XpSXNqZA/UU8Ynmt0RnI/AAAAAAAAAls/YXUb4i4v1qs/s1600/AM2O1303_1200.JPG	The Atlanta Falcons are a professional American football team based in Atlanta, competing in the NFL.	atlanta falcons cheerleaders alumni atlanta falcons cheerleaders alumni 2012 reunion	3	2	2	0	0	727	00:00:08
75	Etna	https://suivrelariviere.files.wordpress.com/2020/11/dsc06558.jpg?w=768	Etna is an active volcano in eastern Sicily, Italy, and the highest in Europe outside the Caucasus region.	l etna un paysage lunaire et une ascension éprouvante suivre la rivière	3	4	3	0	0	787	00:00:09
121	Aiguille du Midi	https://peregrinusmundi.com/wp-content/uploads/2020/02/chamonix-147.jpg	Aiguille du Midi is the highest peak of the Aiguilles de Chamonix, accessible by cable car from Chamonix, popular with tourists, skiers, and climbers.	in the arms of winter peregrinus mundi	4	4	4	1	1	567	00:00:06
226	Pont du Golden Gate	https://get.pxhere.com/photo/beach-sea-coast-water-rock-ocean-mountain-shore-vacation-san-francisco-cliff-cove-tower-bay-terrain-california-pacific-cape-landform-556981.jpg	Le pont du Golden Gate est un pont suspendu emblématique reliant San Francisco à Sausalito en Californie.	images gratuites plage mer côte eau roche océan montagne rive vacances san francisco falaise crique la tour baie terrain californie pacifique cap forme de relief 2736x3648 556981 banque d image gratuite pxhere	4	0	3	0	0	559	00:00:06
248	Uludağ	https://melekay.com/yuklemeler/2019/10/davraz-kayak-merkezi.jpg	Uludağ, located in Bursa, Turkey, is the country's largest winter and nature sports center with a peak height of 2,543 meters.	türkiye nin en çok tercih edilen kayak merkezleri şehirden kaçış	4	2	4	1	1	768	00:00:09
82	Zac Efron	http://farm5.static.flickr.com/4076/4879188699_01f1e05f1d.jpg	Zac Efron is an American actor known for his roles in various films and TV shows.	disney channel y más zac efron en la revista details	3	4	3	0	0	689	00:00:08
69	アイカツフレンズ!	https://d38vrblg2ltm93.cloudfront.net/res/wonder-88/user_id_20910/work/2018/12/15/image/20181215191452.jpeg	アイカツフレンズ！は、トレーディングカードアーケードゲームとテレビアニメを基にした日本のメディアフランチャイズです。	セーラー コーデ ☆ 第 5 回 アイカツ フレンズ コンテスト 第 5 回 アイカツ フレンズ コンテスト コンテスト 一覧 バンダイ に よる 無料 で 動画 や コンテスト が 楽しめる 投稿 サイト	3	4	3	1	1	724	00:00:08
61	Riegersburg	https://www.botschaftderstille.at/wp-content/gallery/riegersburg-leopold-klettersteig-c-d-e-steiermark/DSC01531.jpeg	Riegersburg is a hilltop castle in Riegersburg, Styria, known for its volcanic rock formation.	riegersburg leopold klettersteig c d e steiermark	3	4	4	1	1	692	00:00:08
49	Stitch	http://pre03.deviantart.net/9e3e/th/pre/i/2013/033/d/f/experiment_626___stitch_by_multishadow101-d5tn76s.jpg	Stitch is a fictional character from Lilo & Stitch, a popular blue alien and illegal genetic experiment who appears as Lilo's pet dog.	experiment 626 stitch by multishadow101 on deviantart	3	4	4	1	1	723	00:00:08
261	My Melody	https://static.zerochan.net/Sanrio.full.3323831.png	My Melody is a Sanrio character resembling a rabbit, always wearing a red or pink hood, and is a close friend of Hello Kitty.	sanrio image 3323831 zerochan anime image board	4	4	4	1	1	696	00:00:08
98	ぎふワールド・ローズガーデン	https://d2goguvysdoarq.cloudfront.net/system/facility_photos/photos/148466/normal.jpg?1548737438&w=640&h=640&t=r	ぎふワールド・ローズガーデンは岐阜県可児市にあるバラ園で、約6,000種2万株のバラが植えられている。	花 フェスタ 記念 公園 の 今日 明日 の 天気 週末 の 天気 紫外線 情報 お 出かけ スポット 天気 日本 気象 協会 tenki jp	3	3	4	0	0	663	00:00:07
286	Bosphorus Bridge	https://i.pinimg.com/originals/44/ac/20/44ac201bb2c9bfba0869963b7ad4a9ef.jpg	The Bosphorus Bridge is a suspension bridge in Istanbul connecting Europe and Asia.	constantine algeria s city of bridges places to visit algeria travel places to travel	4	2	3	0	0	612	00:00:07
285	Mount Ararat	https://i.pinimg.com/originals/28/24/c3/2824c3ca5e712ce80f1cd9310cfb241b.jpg	Mount Ararat is a snow-capped dormant volcano in Eastern Turkey, featuring two major volcanic cones: Greater Ararat and Little Ararat.	take a trip to armenia through these 30 road trip photos armenia beautiful places to travel trip	4	3	4	0	0	597	00:00:07
167	フォートナイト	https://wallpapercave.com/wp/wp4040790.jpg	フォートナイトは、Epic Gamesが提供するクラフト要素のあるオンラインサードパーソン・シューティングゲーム。	25 アイ アンマン フォート ナイト 壁紙 イラスト 232633	4	4	4	1	1	628	00:00:07
290	Enhypen	https://1409791524.rsc.cdn77.org/data/images/full/581336/enhypen.jpg	Enhypen is a South Korean boy group formed by Belift Lab through the 2020 reality show I-Land, consisting of seven members.	enhypen surpasses txt s highest first week sales record on the oricon chart in one day kpopstarz	4	4	3	1	1	676	00:00:08
165	Georgia Aquarium	https://www.narcity.com/media-library/image.png?id=25999170&width=980	Georgia Aquarium is a public aquarium in Atlanta, Georgia, showcasing hundreds of species and thousands of animals.	georgia aquarium s shark exhibit opened today here s what it looks like narcity	4	4	3	1	1	734	00:00:08
197	Bianca Ingrosso	https://files.elle.se/uploads/2019/01/03.-puma-bianca-ingrosso-800x1200.jpg	Bianca Ingrosso is a Swedish videoblogger, media personality, artist, TV host, and entrepreneur.	bianca ingrosso jag tränar bara när jag verkligen vill elle	4	4	4	1	1	610	00:00:07
183	Burg Herrnstein	https://www.burg-heinfels.com/files/News/2021-08-06-lange-nacht/IMG_5012-lightroom.jpg	Burg Herrnstein is a hilltop castle in Ruppichteroth, Germany, also known as Schloss Herrnstein.	die burg bei nacht erleben burg heinfels	3	1	3	0	0	718	00:00:08
278	Neuschwanstein	https://www.mamasaidbecool.pl/wp-content/uploads/2019/04/zamek-neuschwanstein-dojazd-2.jpg	Neuschwanstein Castle in Bavaria, Germany, built by King Ludwig II, is a famous tourist attraction and inspired Disney's Sleeping Beauty Castle.	zamek neuschwanstein czyli co musisz zobaczyć w niemczech	4	4	4	0	0	624	00:00:07
119	Nahargarh Fort	https://i.redd.it/etqgfy5ckro41.jpg	Nahargarh Fort, located on the edge of the Aravalli Hills in Jaipur, Rajasthan, is known for its historical significance and scenic views.	murud janjira fort raigarh maharastra india castles	3	2	3	0	0	777	00:00:09
202	Eremitage	https://www.heikes-reiseblog.de/wp-content/uploads/2020/02/petersburg-blutskirche.jpeg	Die Eremitage in Sankt Petersburg ist eines der größten Kunstmuseen der Welt und ein UNESCO-Weltkulturerbe.	st petersburg auch ohne eremitage ein besuch wert heikes reiseblog	4	2	4	1	1	666	00:00:08
4	Ghost in the Shell	https://images5.alphacoders.com/818/thumb-1920-818541.jpg	Ghost in the Shell is a Japanese cyberpunk media franchise based on a manga series about a counter-cyberterrorist organization.	ghost in the shell 2017 4k ultra hd wallpaper background image 4928x3280 id 818541 wallpaper abyss	4	4	4	1	1	680	00:00:07
205	Tyler, the Creator	https://preview.redd.it/74t9p7upmjbz.jpg?width=960&crop=smart&auto=webp&s=c34614aade827ffb38192308cc86747293af6651	Tyler, the Creator is an influential American rapper, singer, and record producer known for his role in alternative hip hop and the music collective Odd Future.	tyler the creator flower boy 100 x 100 cm ig @ mifsud freshalbumart	3	4	3	1	1	757	00:00:08
90	Смешарики	https://i.pinimg.com/originals/ea/bb/28/eabb28463c9fc93a4050000ae4354604.jpg	Смешарики - российский анимационный сериал о приключениях шарообразных существ, созданный Салаватом Шайхинуровым и другими.	смешарики обои детские картины иллюстрации и плакаты картинки	4	4	4	1	1	762	00:00:09
156	兵庫県立あわじ花さじき	https://i.pinimg.com/736x/3d/5d/d9/3d5dd9d081f69265fcf8dd06326692b4.jpg	兵庫県立公園あわじ花さじきは、四季折々の花が楽しめる兵庫県淡路市の公園です。	兵庫 県 伊丹 市 🌟 荒牧 の 薔薇園 美しい 花 花 薔薇園	4	2	4	0	0	613	00:00:07
220	Brawl Stars	https://i.redd.it/9r9ibet4px741.jpg	Brawl Stars is a mobile multiplayer MOBA and third-person shooter game developed by Supercell, released on December 12, 2018, for iOS and Android.	i drew an artwork of my favorite team brawl stars dev team thank you for all that you do for this community brawlstars	3	4	3	1	1	718	00:00:08
188	Йоханссон, Скарлетт	https://creativestudio.ru/wp-content/gallery/scarlett_johansson/scarlett__johansson_003.jpg	Scarlett Johansson is an American actress, the highest-paid actress in 2018 and 2019, and recognized by Time magazine as one of the 100 most influential people in the world in 2021.	скарлетт йоханссон scarlett johansson	4	4	4	1	1	552	00:00:06
219	Diddl	https://i.pinimg.com/736x/eb/16/9e/eb169e952fdd0c77cbb259606468670e--friends-art.jpg	Diddl is a cartoon character created by Thomas Goletz, distributed by Depesche Vertrieb GmbH & Co. KG from 1991 to 2014, and by United Labels AG under the brand Diddl Forever since November 2016.	diddl diddlina disney zeichnungen diddel maus disney figuren	3	3	3	0	0	817	00:00:09
89	Statue of Freedom	https://images.fineartamerica.com/images/artworkimages/mediumlarge/1/statue-of-liberty-anne-sands.jpg	The Statue of Freedom is a bronze statue on the United States Capitol dome, designed by Thomas Crawford, depicting a female figure with a military helmet, sword, laurel wreath, and shield.	statue of liberty painting by anne sands	4	1	4	0	0	611	00:00:07
213	Tour d'Hercule	https://www.ccbi.fr/medias/2020/12/Phare-de-Goulphar.jpg	La tour d’Hercule est un phare romain situé en Galice, surplombant l'océan Atlantique.	grand phare de belle ile en mer facebook twitter imprimer	4	1	3	0	0	589	00:00:07
306	Phare de Split Rock	https://www.demotivateur.fr/images-buzz/10260/i.jpg	Le phare de Split Rock est une attraction située près de Silver Bay, Minnesota, sur le lac Supérieur.	13 phares magnifiques parmi les plus beaux du monde à visiter au moins une fois dans sa vie	4	4	4	1	1	719	00:00:08
294	Olivia Hussey	https://i.pinimg.com/originals/88/fc/00/88fc00609b6bd34585ecb05f2a007e1a.jpg	Olivia Hussey, an Anglo-Argentinian actress, is best known for her role as Juliet in Franco Zeffirelli's 1968 film adaptation of Romeo and Juliet.	olivia hussey and leonard whiting in franco zeffirelli s romeo and juliet 1968 if you were a teenage girl in 68 you saw this film juliet movie romeo juliet movies	3	4	3	1	1	761	00:00:09
17	Alton Towers	https://www.greatbritaindeals.co.uk/img/deals-img/22248-alton-towers-splash-landings-family-break6.jpg	Alton Towers Resort is a theme park and resort complex in Staffordshire, England, featuring a theme park, water park, mini golf, and hotel complex.	alton towers splash landings family break from £ 238 00 great britain deals	3	4	3	1	1	761	00:00:08
81	Katie Pavlich	https://www.wallofcelebrities.com/celebrity/katie-pavlich/pictures/xxlarge/katie-pavlich_3100211.jpg	Katie Pavlich is an American conservative commentator, author, blogger, and podcaster.	pictures of katie pavlich	4	4	4	1	1	570	00:00:06
307	Blake Lively	https://www.purseblog.com/images/2016/06/Blake-Lively-Christian-Louboutin-Sweet-Charity-Bag.jpg	Blake Lively is an American actress, model, and entrepreneur known for her role in Gossip Girl.	blake lively launched another press tour celebs have stepped up their handbag game accordingly purseblog blake lively launched another press tour celebs have stepped up their handbag game accordingly purseblog	4	3	2	0	0	632	00:00:07
23	Sword Art Online	https://i.pinimg.com/originals/2d/23/e0/2d23e07a54101c3f735fea73b20fd951.jpg	Sword Art Online is a Japanese light novel series set in a near-future VRMMO world, with multiple anime adaptations and films.	como dibujar a kirito sao ソード アート オンライン how to draw kirito from sword art online dibujos de anime personajes de anime arte de espada	4	4	2	0	0	664	00:00:07
142	Sacré-Cœur, Paris	https://anastasiamak.com/wp-content/uploads/2016/03/sacre_coeur.jpg	The Basilica of Sacré-Cœur in Paris is a Catholic church and minor basilica dedicated to the Sacred Heart of Jesus.	sacre coeur painting by anastasia mak	4	4	4	1	1	623	00:00:08
27	Джек Воробей	https://www.yarfilm.com/uploaded/c/e/ce702092ab5de8d4ff0199055313191e.jpg	Джек Воробей — главный герой киносерии «Пираты Карибского моря», исполняемый Джонни Деппом.	джек воробей	4	4	4	1	1	607	00:00:07
133	Burg Blauenstein	https://i.pinimg.com/originals/ae/61/70/ae61705ed66932d88676682cf3c23c1b.jpg	Burg Blauenstein is a historical castle ruin located on Blaufelsen hill in Blaubeuren, Baden-Württemberg, built in the 13th century by the Counts of Helfenstein.	jugendherberge burg wildenstein mal in einer echten burg übernachten die jugendherberge burg wildenstein macht das germany places ive been baden württemberg	3	2	2	0	0	637	00:00:07
62	ハローキティ	https://afpbb.ismcdn.jp/mwimgs/7/a/-/img_7a32c74d235c0700c85e67990d67125e229428.jpg	ハローキティはサンリオの猫をモチーフにしたキャラクターで、赤いリボンが特徴。	キティ ちゃんと めぐる 清朝 の 宮廷 の 世界 中国 上海 写真 8 枚 国際 ニュース afpbb news	4	4	4	1	1	680	00:00:08
223	Taylor Swift	https://i.pinimg.com/originals/df/31/25/df3125b90428b8bd343f5c71f1ed1fdd.jpg	Taylor Swift, American singer-songwriter and actress, known for her successful albums and international tours.	check my profile for more taylor swift high quality photos ️ taylor swift 1989 taylor swift taylor swift pictures	4	4	3	1	1	753	00:00:09
305	Zorro	https://i.pinimg.com/originals/59/b0/97/59b097ea9a865f827ea6edb1ea37c384.jpg	Zorro is a fictional, sword-fighting hero created by Johnston McCulley in 1919, set in 19th-century Spanish California.	épinglé sur zorro	4	4	4	1	1	662	00:00:07
126	Yeni Gelin	https://i.pinimg.com/originals/cd/6b/ae/cd6bae113fe96f5f83c88b2b666d150c.jpg	Yeni Gelin is a Turkish TV show featuring comedy, romance, and drama, starring Jessica May and Tolga Mendi, aired from March 2017 to November 2018.	1001 tv hızlı ve güvenilir tv haberciliği gelin aktör kızlar	3	3	2	0	0	803	00:00:09
102	Halong-Bucht	https://i.pinimg.com/736x/5e/37/e9/5e37e9e97b29ee33ce27125def5cac93.jpg	Die Halong-Bucht ist ein UNESCO-Weltnaturerbe in Vietnam mit beeindruckenden Kalkfelsen und Inseln.	ha long bay vietnam photo by @ mblockk follow @ explorjet follow @ explorjet follow @ explor in 2020 reisefotografie vietnam reise wunderschöne reiseziele	4	3	2	0	0	756	00:00:09
239	Esra Bilgiç	https://im.haberturk.com/2020/01/14/2558643_4e63d3116d0c643242c9105f765d9bd0_640x640.jpg	Esra Bilgiç, a Turkish actress and model known for her role in the TV series Diriliş Ertuğrul.	ramo oyuncuları kimler oyuncu kadrosu ramo dizisi nerede çekildi konusu ne televizyon haberleri	3	3	3	0	0	743	00:00:08
106	Santo Niño de Cebú	https://s-media-cache-ak0.pinimg.com/736x/44/e5/d6/44e5d68063c8183045692202f8b7c928--philippines-tourism-the-philippines.jpg	The Señor Santo Niño de Cebú is a revered Catholic image of the Child Jesus in the Philippines, gifted by Ferdinand Magellan in 1521.	56 best images about santo niño sinulog cebu city philippines on pinterest prague garden statues and the philippines forward forward forward forward forward forward forward forward forward forward forward forward forward forward forward forward forward forward forward forward forward forward forward forward forward forward forward forward forward forward forward forward forward forward forward forward forward forward forward forward forward forward forward forward forward forward forward forward forward forward forward forward forward forward facebook	3	2	1	0	0	657	00:00:08
105	Pocoyó	https://image.winudf.com/v2/image1/Y29tLnppbmtpYS5wb2NveW8uYWxwaGFiZXQyX3NjcmVlbl9lcy1FU182XzE1NjcyMDMyNTdfMDE3/screen-6.jpg?fakeurl=1&type=.jpg	Pocoyó es una serie animada española para niños de preescolar.	pocoyó aventura abc aprendizaje del abecedario for android apk download	4	4	3	1	1	622	00:00:07
117	Vanessa Mai	https://stuttgart-live.de/wp-content/uploads/2019/12/Vanessa_Mai_02_Photo_Sandra_Ludewig-e1575896858565.jpg	Vanessa Mai is a German singer known for her solo career and as a former member of the Schlager band Wolkenfrei.	vanessa mai für immer tour 2022 live in stuttgart 31 3 2022 liederhalle beethovensaal	4	4	3	1	1	599	00:00:07
144	Itzy	https://i.pinimg.com/originals/fc/d3/8b/fcd38b0808f6736833021436654787a2.jpg	"Itzy is a South Korean girl group formed by JYP Entertainment, consisting of five members: Yeji, Lii, Ryujin, Chaeryeong, and Yuny. They debuted on February 12, 2019, with the single ""It'z Different""."	pin by uriishii on queens in 2020 itzy girl kpop girls	4	4	4	1	1	772	00:00:09
135	大野智	https://i.pinimg.com/originals/96/e6/d4/96e6d41ca5cb467e74e0049a35f89fc7.jpg	大野智は日本の男性歌手・俳優で、嵐のメンバーおよびリーダー。	大野 智 の 誕生日 まで に 1126rt 目指す twitter 検索	3	4	4	1	1	759	00:00:08
309	Grotte de Lascaux	https://www.bonsplans-futes.com/images/tester/testeur-de-voyage/grotte-de-lascaux-4/grotte-de-lascaux-4.jpg	La grotte de Lascaux est une grotte ornée du Paléolithique supérieur célèbre pour ses peintures et gravures d'animaux.	grotte de lascaux 4 testeur de voyage bons plans futés	3	4	4	1	1	787	00:00:10
147	Terminator	http://www.newdvdreleasedates.com/images/posters/large/terminator-genisys-2015-01.jpg	Terminator is a series of six American science fiction films, starting with the 1984 film directed by James Cameron.	terminator genisys dvd release date redbox netflix itunes amazon	4	4	4	1	1	611	00:00:07
148	Snow Man	https://i.pinimg.com/originals/7a/f2/ad/7af2ad7cf0cd5206c2f3388d438adf3b.jpg	Snow Man is a 9-member Japanese idol group under Johnny's Entertainment, debuted on January 22, 2020.	ボード random の ピン	4	3	4	0	0	791	00:00:08
176	دلفين	https://mediaaws.almasryalyoum.com/news/large/2017/01/30/592620_0.jpg	الدلافين هي حيوانات ثديية مائية قريبة من الحيتان وخنازير البحر، تتوزع على 40 نوعاً وتعيش في جميع بحار العالم.	اسراب دلافين الانف الزجاجي تجذب السائحين بالغردقه المصري اليوم	3	4	4	1	1	612	00:00:07
298	Sabrina Carpenter	https://wallpapercave.com/wp/wp1900889.jpg	Sabrina Carpenter is an American singer, songwriter, producer, and actress known for her roles in The Goodwin Games and Girl Meets World, and her music career with five studio albums.	sabrina carpenter wallpapers wallpaper cave	4	4	4	1	1	616	00:00:07
299	Bled Castle	https://i.pinimg.com/736x/61/f0/dc/61f0dc70dd5b5a23064e8932799befaf.jpg	Bled Castle is a medieval castle in Slovenia, overlooking Lake Bled, and is now a historical museum.	pin by ivanka kostova on vsichko cool places to visit lake bled slovenia lake bled	3	3	3	0	0	726	00:00:08
180	Dolbadarn Castle	https://i.pinimg.com/originals/39/ca/74/39ca747f093bf76680c0ccd69950df8a.jpg	Dolbadarn Castle: A 13th-century Welsh fortification built by Llywelyn the Great, now a tourist attraction managed by Cadw.	visit wales on instagram can there be a better window view shot from the dolbadarn castle built in the 13th centur visit wales cool places to visit scenery	3	3	2	1	1	732	00:00:08
118	Johnny Hallyday	https://resize.prod.femina.ladmedia.fr/rblr/1401,978/img/var/2017-12/johnny-hallyday-ses-10-plus-belles-chansons-c20a80cf9ccecb1333032c7ecab2cacc48d7721b.jpg	Johnny Hallyday, born Jean-Philippe Smet, was a renowned French singer, composer, and actor.	johnny hallyday ses plus belles chansons	3	4	4	1	1	755	00:00:08
149	大理石村ロックハート城	http://dogs-with-us.link/dogs/wp-content/uploads/2019/10/IMG_2088.png	大理石村ロックハート城は、群馬県にある中世ヨーロッパの街並みを再現した石のテーマパーク。	犬連れ ロックハート 城 ロマンティック な 英国 の お 城 を 楽しもう 犬 と 一緒 に はじめて の パピー ウォーカー 犬連れ ロックハート 城 ロマンティック な 英国 の お 城 を 楽しもう 犬 と 一緒 に はじめて の パピー ウォーカー	3	4	3	1	1	723	00:00:08
255	Coldplay	https://i.pinimg.com/originals/cb/d7/56/cbd7563cf836e74b9ba74a3857fc0032.jpg	Coldplay is a British pop-rock band formed in 1997, consisting of Chris Martin, Guy Berryman, Jon Buckland, and Will Champion.	coldplay fan art coldplay art	4	4	4	1	1	658	00:00:07
16	Loona	https://0.soompi.io/wp-content/uploads/2020/05/04025312/loona-4.jpg	"Loona is a South Korean girl group with eleven members, known for their debut single ""Favorite"" and title track ""Hi High""."	loona gives update on what they ve been up to shares experiences on variety shows and more	4	4	3	1	1	679	00:00:08
270	Vallée des Rois	https://i.pinimg.com/originals/b8/a4/9c/b8a49c56cc72a06a222dbd8cbe54db1a.jpg	La vallée des Rois est une région d'Égypte célèbre pour ses tombes royales.	chamarel la terre des 7 couleurs à l île maurice places to travel travel pictures places to visit	4	1	3	0	0	703	00:00:08
100	Andean mountain cat	https://i.pinimg.com/originals/d4/c8/90/d4c890fd58dfd48d39b265812a996996.jpg	The Andean mountain cat is an endangered small wild cat native to the high Andes, considered sacred by indigenous Aymara and Quechua people.	chinese desert cat felis bieti # bigcats # big # cats # species wild cat species small wild cats wild cats	3	2	3	0	0	708	00:00:08
266	Meerauge	http://f.hikr.org/files/1870675.jpg	Meerauge: Der größte und vierttiefste Bergsee in der Hohen Tatra, Polen, gekürt zu einem der fünf schönsten Seen weltweit.	fantastischer tiefblick auf das meerauge fotos hikr org	3	4	4	1	1	723	00:00:08
230	Valley of the Kings	https://i.pinimg.com/originals/ab/ba/7e/abba7ea3ff630782c56756089d88dfb9.jpg	The Valley of the Kings is an area in Egypt with rock-cut tombs for pharaohs and nobles from the New Kingdom period.	ataúdes de la tumba de yuya y tjuyu ancient egyptian artifacts egyptian history ancient egypt	4	2	3	0	0	657	00:00:07
83	Camino de Santiago	https://praytellblog.com/wp-content/uploads/2018/07/maxresdefault.jpg	Camino de Santiago is a network of Christian pilgrimage routes leading to the tomb of Saint James in Santiago de Compostela.	walking the camino praytellblog	3	4	3	1	1	630	00:00:07
192	Aikatsu!	https://wallpapercave.com/wp/wp2115079.png	Aikatsu! is a multimedia franchise featuring an arcade collectible card game, anime series, films, manga, and video games centered around aspiring idols.	aikatsu wallpapers wallpaper cave	4	4	4	1	1	756	00:00:09
64	〈物語〉シリーズ	https://www.1zoom.me/big2/48/236103-dikemoon.jpg	『〈物語〉シリーズ』は、西尾維新によるライトノベルシリーズで、アニメやゲームなど多媒体に展開。	壁紙 物語 シリーズ アニメ ダウンロード 写真	4	4	4	1	1	701	00:00:08
110	上野恩賜公園	https://pbs.twimg.com/media/Cy4ZJE_UsAAn-Lo.jpg	上野恩賜公園は、東京都台東区にある文化施設が集まる公園。	上野 公園 の 紅葉 2020 の 見頃 と 見 所 は 駐車 場 や 混雑 も ツ ク の 日々	4	4	4	1	1	722	00:00:08
2	Luksor	http://bylestam.pl/wp-content/uploads/2012/10/kair.jpg	Luksor, a city in southern Egypt, located on the right bank of the Nile, known for its ancient history and proximity to Karnak.	kair co warto zobaczyć	3	1	3	0	0	693	00:00:08
22	Sarah Engels	https://i.pinimg.com/474x/b1/71/c9/b171c918ba3ffd96d9f49414c8986dce.jpg	"Sarah Engels, a German singer known for her participation in ""Deutschland sucht den Superstar"" where she finished second in 2011."	die 10 besten bilder von sarah engels pietro lombardi engel und deutsche promis	3	4	3	1	1	754	00:00:09
259	Mount Vernon	https://live.staticflickr.com/4712/39389110124_050bec86b3.jpg	Mount Vernon, the former residence of George Washington, located in Virginia.	mount vernon upper garden craig fildes flickr new icn message flickr free ic 3d pan white	3	2	2	0	0	792	00:00:09
181	Lanikai Beach	http://travel.home.sndimg.com/content/dam/images/travel/fullset/2014/12/2/top-hawaiian-beaches-kaunaoa.jpg.rend.hgtvcom.966.725.suffix/1491584557678.jpeg	Lanikai Beach is a beach located in Lanikai, an unincorporated area of Kailua on the island of Oahu in Hawaii.	top 10 hawaiian beaches beaches travel channel travel channel	4	2	3	0	0	790	00:00:09